,stormNumber,initial_phase,main_phase,minimumSymH,end_recovery_phase,min_SYM_H,ifCME,ifHSS,ifcomplex,Unnamed: 9,new_begining_times,new_ending_times
0,0,1995-01-17 06:40:00,1995-01-17 20:08:00,1995-01-18 06:31:00,1995-01-20 00:50:00,-106,,HSS,,,1995-01-17 07:08:00,1995-01-20 00:50:00
1,1,1995-01-28 05:43:00,1995-01-29 03:51:00,1995-01-29 23:06:00,1995-02-05 21:48:00,-55,,HSS,,,1995-01-28 14:51:00,1995-02-01 23:06:00
2,2,1995-02-07 17:15:00,1995-02-07 22:08:00,1995-02-08 09:50:00,1995-02-10 01:11:00,-93,ICME,,,,1995-02-07 17:15:00,1995-02-10 01:11:00
3,3,1995-02-10 22:40:00,1995-02-11 06:17:00,1995-02-13 14:37:00,1995-02-16 21:54:00,-53,ICME,HSS,complex,,1995-02-10 22:40:00,1995-02-16 14:37:00
4,4,1995-03-03 22:43:00,1995-03-04 12:13:00,1995-03-04 21:57:00,1995-03-07 06:53:00,-93,ICME,,,,1995-03-03 23:13:00,1995-03-07 06:53:00
5,5,1995-03-11 04:56:00,1995-03-11 18:16:00,1995-03-12 03:35:00,1995-03-15 01:28:00,-73,,HSS,,,1995-03-11 05:16:00,1995-03-15 01:28:00
6,6,1995-03-25 14:02:00,1995-03-26 08:39:00,1995-03-26 14:00:00,1995-03-30 07:14:00,-99,ICME,,,,1995-03-25 19:39:00,1995-03-29 14:00:00
7,7,1995-04-01 13:40:00,1995-04-01 17:21:00,1995-04-02 04:35:00,1995-04-04 14:03:00,-73,ICME,HSS,,,1995-04-01 13:40:00,1995-04-04 14:03:00
8,8,1995-04-06 06:27:00,1995-04-07 02:10:00,1995-04-07 16:24:00,1995-04-15 22:32:00,-163,ICME,HSS,complex,,1995-04-06 13:10:00,1995-04-10 16:24:00
9,9,1995-04-21 22:44:00,1995-04-22 12:52:00,1995-04-23 10:00:00,1995-04-26 03:53:00,-52,,HSS,,,1995-04-21 23:52:00,1995-04-26 03:53:00
10,10,1995-05-01 15:46:00,1995-05-02 03:16:00,1995-05-03 06:18:00,1995-05-10 15:11:00,-75,,HSS,,,1995-05-01 15:46:00,1995-05-06 06:18:00
11,11,1995-05-15 16:11:00,1995-05-16 11:03:00,1995-05-16 22:21:00,1995-05-22 10:05:00,-93,,HSS,,,1995-05-15 22:03:00,1995-05-19 22:21:00
12,12,1995-05-23 04:09:00,1995-05-23 20:10:00,1995-05-24 05:42:00,1995-05-26 07:17:00,-78,,HSS,,,1995-05-23 07:10:00,1995-05-26 07:17:00
13,13,1995-05-29 01:56:00,1995-05-29 19:37:00,1995-06-01 05:26:00,1995-06-05 20:43:00,-55,,HSS,,,1995-05-29 06:37:00,1995-06-04 05:26:00
14,14,1995-06-30 08:02:00,1995-06-30 13:49:00,1995-07-01 01:50:00,1995-07-02 12:00:00,-55,,,,,1995-06-30 08:02:00,1995-07-02 12:00:00
15,15,1995-07-16 07:06:00,1995-07-16 14:03:00,1995-07-17 00:25:00,1995-07-21 01:28:00,-63,,HSS,,,1995-07-16 07:06:00,1995-07-20 00:25:00
16,16,1995-07-23 19:45:00,1995-07-24 04:20:00,1995-07-24 20:25:00,1995-07-28 00:39:00,-79,ICME,HSS,complex,,1995-07-23 19:45:00,1995-07-27 20:25:00
17,17,1995-08-22 11:08:00,1995-08-22 14:39:00,1995-08-23 04:34:00,1995-08-23 20:34:00,-58,ICME,,,,1995-08-22 11:08:00,1995-08-23 20:34:00
18,18,1995-09-04 12:28:00,1995-09-04 21:33:00,1995-09-05 20:28:00,1995-09-10 17:00:00,-66,,HSS,,,1995-09-04 12:28:00,1995-09-08 20:28:00
19,19,1995-09-14 16:58:00,1995-09-15 01:38:00,1995-09-15 11:05:00,1995-09-18 02:11:00,-57,ICME,HSS,complex,,1995-09-14 16:58:00,1995-09-18 02:11:00
20,20,1995-09-27 07:21:00,1995-09-27 11:28:00,1995-09-27 20:17:00,1995-10-01 02:43:00,-114,ICME,,,,1995-09-27 07:21:00,1995-09-30 20:17:00
21,21,1995-10-01 13:16:00,1995-10-02 07:21:00,1995-10-04 13:14:00,1995-10-11 00:42:00,-94,,HSS,complex,,1995-10-01 18:21:00,1995-10-07 13:14:00
22,22,1995-10-18 10:54:00,1995-10-18 13:46:00,1995-10-19 05:17:00,1995-10-19 18:41:00,-125,ICME,,,,1995-10-18 10:54:00,1995-10-19 18:41:00
23,23,1995-10-30 06:50:00,1995-10-30 12:58:00,1995-10-30 16:46:00,1995-10-31 14:46:00,-51,ICME,,,,1995-10-30 06:50:00,1995-10-31 14:46:00
24,24,1995-12-01 02:49:00,1995-12-01 10:52:00,1995-12-01 17:32:00,1995-12-03 22:28:00,-64,ICME,,,,1995-12-01 02:49:00,1995-12-03 22:28:00
25,25,1995-12-15 04:08:00,1995-12-15 10:54:00,1995-12-16 03:40:00,1995-12-17 00:06:00,-54,ICME,HSS,,,1995-12-15 04:08:00,1995-12-17 00:06:00
26,26,1995-12-24 05:41:00,1995-12-24 07:56:00,1995-12-24 14:36:00,1995-12-25 13:48:00,-56,ICME,,,Alfven?,1995-12-24 05:41:00,1995-12-25 13:48:00
27,0,1996-01-12 03:18:00,1996-01-12 21:19:00,1996-01-13 09:52:00,1996-01-14 08:59:00,-89,ICME,,,,1996-01-12 08:19:00,1996-01-14 08:59:00
28,1,1996-02-09 19:25:00,1996-02-10 04:52:00,1996-02-11 03:14:00,1996-02-13 16:01:00,-55,,HSS,,,1996-02-09 19:25:00,1996-02-13 16:01:00
29,2,1996-03-10 18:12:00,1996-03-10 21:57:00,1996-03-11 04:02:00,1996-03-11 20:19:00,-61,,HSS,,,1996-03-10 18:12:00,1996-03-11 20:19:00
30,3,1996-03-21 05:47:00,1996-03-21 20:32:00,1996-03-21 22:22:00,1996-03-24 20:20:00,-65,,HSS,,,1996-03-21 07:32:00,1996-03-24 20:20:00
31,4,1996-04-16 15:46:00,1996-04-17 03:33:00,1996-04-17 16:24:00,1996-04-22 00:38:00,-59,,HSS,,,1996-04-16 15:46:00,1996-04-20 16:24:00
32,5,1996-08-28 18:20:00,1996-08-29 00:22:00,1996-08-29 04:55:00,1996-09-01 00:10:00,-53,,HSS,,,1996-08-28 18:20:00,1996-09-01 00:10:00
33,6,1996-09-12 03:34:00,1996-09-12 06:57:00,1996-09-12 08:49:00,1996-09-13 09:42:00,-52,ICME,,,,1996-09-12 03:34:00,1996-09-13 09:42:00
34,7,1996-09-21 19:54:00,1996-09-22 12:10:00,1996-09-23 07:20:00,1996-09-25 19:49:00,-55,,HSS,,,1996-09-21 23:10:00,1996-09-25 19:49:00
35,8,1996-10-22 15:54:00,1996-10-22 21:58:00,1996-10-23 03:33:00,1996-10-26 22:56:00,-123,ICME,,,,1996-10-22 15:54:00,1996-10-26 03:33:00
36,0,1997-01-09 23:56:00,1997-01-10 03:44:00,1997-01-10 09:21:00,1997-01-10 23:00:00,-85,ICME,,,,1997-01-09 23:56:00,1997-01-10 23:00:00
37,1,1997-02-07 23:36:00,1997-02-08 12:46:00,1997-02-09 20:44:00,1997-02-11 05:06:00,-67,,HSS,complex,,1997-02-07 23:46:00,1997-02-11 05:06:00
38,2,1997-02-26 06:18:00,1997-02-27 00:56:00,1997-02-28 04:51:00,1997-03-05 13:59:00,-84,,HSS,,,1997-02-26 11:56:00,1997-03-03 04:51:00
39,3,1997-03-28 05:23:00,1997-03-28 10:25:00,1997-03-28 23:54:00,1997-03-31 11:46:00,-63,ICME,,,,1997-03-28 05:23:00,1997-03-31 11:46:00
40,4,1997-04-10 13:19:00,1997-04-10 22:37:00,1997-04-11 04:42:00,1997-04-11 14:33:00,-91,ICME,,,,1997-04-10 13:19:00,1997-04-11 14:33:00
41,5,1997-04-16 05:22:00,1997-04-16 17:32:00,1997-04-16 23:29:00,1997-04-20 10:47:00,-51,,HSS,,,1997-04-16 05:22:00,1997-04-19 23:29:00
42,6,1997-04-20 18:05:00,1997-04-21 10:08:00,1997-04-21 23:32:00,1997-04-23 05:48:00,-100,ICME,,,,1997-04-20 21:08:00,1997-04-23 05:48:00
43,7,1997-05-01 09:48:00,1997-05-01 15:16:00,1997-05-02 00:12:00,1997-05-07 13:03:00,-80,,HSS,,,1997-05-01 09:48:00,1997-05-05 00:12:00
44,8,1997-05-14 22:31:00,1997-05-15 06:33:00,1997-05-15 11:47:00,1997-05-18 17:55:00,-129,ICME,,,,1997-05-14 22:31:00,1997-05-18 11:47:00
45,9,1997-05-26 08:27:00,1997-05-26 14:19:00,1997-05-27 05:02:00,1997-05-30 00:07:00,-85,ICME,,,,1997-05-26 08:27:00,1997-05-30 00:07:00
46,10,1997-06-08 10:50:00,1997-06-08 17:19:00,1997-06-09 05:20:00,1997-06-11 10:24:00,-89,ICME,,,,1997-06-08 10:50:00,1997-06-11 10:24:00
47,11,1997-08-12 11:19:00,1997-08-12 18:24:00,1997-08-14 06:50:00,1997-08-16 17:20:00,-59,ICME,HSS ,complex,,1997-08-12 11:19:00,1997-08-16 17:20:00
48,12,1997-08-27 16:37:00,1997-08-28 02:54:00,1997-08-28 05:03:00,1997-08-31 23:03:00,-54,ICME,,,,1997-08-27 16:37:00,1997-08-31 05:03:00
49,13,1997-09-02 22:51:00,1997-09-03 17:27:00,1997-09-03 22:30:00,1997-09-06 13:30:00,-99,ICME,HSS,,,1997-09-03 04:27:00,1997-09-06 13:30:00
50,14,1997-09-08 06:28:00,1997-09-08 14:08:00,1997-09-10 22:35:00,1997-09-13 16:19:00,-54,,HSS,,,1997-09-08 06:28:00,1997-09-13 16:19:00
51,15,1997-09-17 07:22:00,1997-09-17 13:35:00,1997-09-18 04:25:00,1997-09-21 21:32:00,-70,ICME,HSS,complex,,1997-09-17 07:22:00,1997-09-21 04:25:00
52,16,1997-09-30 23:42:00,1997-10-01 03:05:00,1997-10-01 15:59:00,1997-10-03 05:47:00,-100,ICME,,,,1997-09-30 23:42:00,1997-10-03 05:47:00
53,17,1997-10-10 07:15:00,1997-10-10 17:24:00,1997-10-11 02:54:00,1997-10-15 09:51:00,-139,ICME,,,,1997-10-10 07:15:00,1997-10-14 02:54:00
54,18,1997-10-23 02:49:00,1997-10-23 20:31:00,1997-10-25 02:41:00,1997-10-31 23:19:00,-67,ICME,HSS,complex,,1997-10-23 07:31:00,1997-10-28 02:41:00
55,19,1997-11-06 22:15:00,1997-11-06 23:51:00,1997-11-07 03:46:00,1997-11-09 10:48:00,-125,ICME,,,,1997-11-06 22:15:00,1997-11-09 10:48:00
56,20,1997-11-22 03:34:00,1997-11-22 11:41:00,1997-11-23 02:45:00,1997-11-28 05:23:00,-121,ICME,,,,1997-11-22 03:34:00,1997-11-26 02:45:00
57,21,1997-12-10 03:24:00,1997-12-10 10:49:00,1997-12-11 10:51:00,1997-12-14 11:30:00,-61,ICME,,,,1997-12-10 03:24:00,1997-12-14 10:51:00
58,22,1997-12-30 01:09:00,1997-12-30 03:49:00,1997-12-30 18:52:00,1997-12-31 23:59:00,-71,ICME,,,,1997-12-30 01:09:00,1997-12-31 23:59:00
59,0,1998-01-06 13:38:00,1998-01-06 16:19:00,1998-01-07 03:09:00,1998-01-08 08:36:00,-84,ICME,,,,1998-01-06 13:38:00,1998-01-08 08:36:00
60,1,1998-01-29 18:46:00,1998-01-29 22:10:00,1998-01-30 12:22:00,1998-01-31 16:46:00,-60,ICME,,,,1998-01-29 18:46:00,1998-01-31 16:46:00
61,2,1998-02-17 04:33:00,1998-02-17 13:34:00,1998-02-18 00:47:00,1998-02-21 18:09:00,-120,ICME,,,,1998-02-17 04:33:00,1998-02-21 00:47:00
62,3,1998-03-09 17:34:00,1998-03-10 11:10:00,1998-03-10 20:43:00,1998-03-19 21:54:00,-121,,HSS,,,1998-03-09 22:10:00,1998-03-13 20:43:00
63,4,1998-03-20 22:40:00,1998-03-21 09:47:00,1998-03-21 15:05:00,1998-03-24 04:51:00,-90,ICME,HSS,complex,,1998-03-20 22:40:00,1998-03-24 04:51:00
64,5,1998-03-28 06:01:00,1998-03-28 09:29:00,1998-03-29 20:04:00,1998-03-31 02:52:00,-58,,HSS,,,1998-03-28 06:01:00,1998-03-31 02:52:00
65,6,1998-04-23 17:06:00,1998-04-24 01:00:00,1998-04-24 07:30:00,1998-04-30 02:06:00,-71,ICME,,,,1998-04-23 17:06:00,1998-04-27 07:30:00
66,7,1998-05-03 21:46:00,1998-05-04 03:07:00,1998-05-04 05:18:00,1998-05-07 20:13:00,-272,ICME,,,,1998-05-03 21:46:00,1998-05-07 05:18:00
67,8,1998-05-08 00:24:00,1998-05-09 10:03:00,1998-05-09 19:49:00,1998-05-15 00:00:00,-63,,HSS,,,1998-05-08 21:03:00,1998-05-12 19:49:00
68,9,1998-06-05 16:04:00,1998-06-06 13:14:00,1998-06-07 06:14:00,1998-06-10 13:47:00,-55,,HSS,,,1998-06-06 00:14:00,1998-06-10 06:14:00
69,10,1998-06-13 18:25:00,1998-06-14 00:22:00,1998-06-14 09:52:00,1998-06-15 09:15:00,-51,ICME,,,,1998-06-13 18:25:00,1998-06-15 09:15:00
70,11,1998-06-25 15:59:00,1998-06-26 00:30:00,1998-06-26 04:50:00,1998-06-26 14:50:00,-120,ICME,,,,1998-06-25 15:59:00,1998-06-26 14:50:00
71,12,1998-07-15 09:53:00,1998-07-16 03:23:00,1998-07-16 17:29:00,1998-07-20 19:14:00,-76,,HSS,,,1998-07-15 14:23:00,1998-07-19 17:29:00
72,13,1998-07-22 13:08:00,1998-07-22 21:49:00,1998-07-23 06:15:00,1998-07-28 13:52:00,-62,,HSS,,,1998-07-22 13:08:00,1998-07-26 06:15:00
73,14,1998-07-30 20:12:00,1998-07-30 23:54:00,1998-07-31 08:47:00,1998-07-31 14:12:00,-68,ICME,HSS,complex,,1998-07-30 20:12:00,1998-07-31 14:12:00
74,15,1998-08-05 23:53:00,1998-08-06 07:43:00,1998-08-06 12:14:00,1998-08-09 12:32:00,-169,ICME,,,,1998-08-05 23:53:00,1998-08-09 12:14:00
75,16,1998-08-20 02:09:00,1998-08-20 07:52:00,1998-08-20 19:54:00,1998-08-22 01:55:00,-69,ICME,,,,1998-08-20 02:09:00,1998-08-22 01:55:00
76,17,1998-08-26 05:54:00,1998-08-26 11:16:00,1998-08-27 08:59:00,1998-09-04 17:15:00,-174,ICME,,,,1998-08-26 05:54:00,1998-08-30 08:59:00
77,19,1998-09-18 05:26:00,1998-09-18 10:27:00,1998-09-18 13:12:00,1998-09-19 08:27:00,-61,ICME,,,,1998-09-18 05:26:00,1998-09-19 08:27:00
78,20,1998-09-24 21:39:00,1998-09-25 00:38:00,1998-09-25 06:53:00,1998-09-30 05:27:00,-217,ICME,,,,1998-09-24 21:39:00,1998-09-28 06:53:00
79,21,1998-09-30 02:55:00,1998-09-30 17:57:00,1998-10-01 06:35:00,1998-10-02 07:26:00,-50,,HSS,,,1998-09-30 04:57:00,1998-10-02 07:26:00
80,22,1998-10-06 12:27:00,1998-10-07 00:17:00,1998-10-07 18:16:00,1998-10-13 22:19:00,-70,,HSS,,,1998-10-06 12:27:00,1998-10-10 18:16:00
81,23,1998-10-18 6:24:00,1998-10-19 03:08:00,1998-10-19 04:54:00,1998-10-27 05:49:00,-122,ICME,,,,1998-10-18 14:08:00,1998-10-22 04:54:00
82,24,1998-11-07 07:00:00,1998-11-07 11:15:00,1998-11-08 06:20:00,1998-11-08 19:22:00,-180,ICME,,complex,,1998-11-07 07:00:00,1998-11-08 19:22:00
83,25,1998-11-12 15:04:00,1998-11-13 01:55:00,1998-11-13 20:42:00,1998-11-17 00:53:00,-124,ICME,,,,1998-11-12 15:04:00,1998-11-16 20:42:00
84,26,1998-12-10 01:56:00,1998-12-10 13:05:00,1998-12-11 08:45:00,1998-12-13 06:47:00,-80,,HSS,,,1998-12-10 01:56:00,1998-12-13 06:47:00
85,27,1998-12-25 03:47:00,1998-12-25 07:57:00,1998-12-25 11:33:00,1998-12-25 20:37:00,-72,ICME,HSS,complex,,1998-12-25 03:47:00,1998-12-25 20:37:00
86,0,1999-01-13 07:00:00,1999-01-13 11:20:00,1999-01-13 23:39:00,1999-01-17 22:33:00,-111,ICME,,,,1999-01-13 07:00:00,1999-01-16 23:39:00
87,1,1999-02-18 01:19:00,1999-02-18 03:48:00,1999-02-18 09:42:00,1999-02-21 22:43:00,-128,ICME,,,,1999-02-18 01:19:00,1999-02-21 09:42:00
88,2,1999-02-28 03:25:00,1999-02-28 18:42:00,1999-03-01 01:23:00,1999-03-05 20:49:00,-94,,HSS,,,1999-02-28 05:42:00,1999-03-04 01:23:00
89,3,1999-03-10 00:14:00,1999-03-10 02:54:00,1999-03-10 09:00:00,1999-03-12 15:02:00,-80,ICME,,,,1999-03-10 00:14:00,1999-03-12 15:02:00
90,4,1999-03-28 14:07:00,1999-03-29 08:46:00,1999-03-29 14:26:00,1999-04-02 16:12:00,-59,,HSS,,,1999-03-28 19:46:00,1999-04-01 14:26:00
91,5,1999-04-16 09:27:00,1999-04-16 19:59:00,1999-04-17 04:17:00,1999-04-21 07:29:00,-123,ICME,,,,1999-04-16 09:27:00,1999-04-20 04:17:00
92,6,1999-04-26 02:51:00,1999-04-26 12:54:00,1999-04-28 22:06:00,1999-05-05 10:51:00,-50,,HSS,complex,,1999-04-26 02:51:00,1999-05-01 22:06:00
93,7,1999-05-12 12:38:00,1999-05-13 03:51:00,1999-05-13 06:24:00,1999-05-15 14:55:00,-69,,HSS,complex,,1999-05-12 14:51:00,1999-05-15 14:55:00
94,8,1999-06-28 03:00:00,1999-06-28 06:29:00,1999-06-28 10:52:00,1999-07-01 14:29:00,-52,ICME,,,,1999-06-28 03:00:00,1999-07-01 10:52:00
95,9,1999-07-30 18:05:00,1999-07-30 20:57:00,1999-07-31 02:28:00,1999-08-01 00:57:00,-70,ICME,HSS,complex,,1999-07-30 18:05:00,1999-08-01 00:57:00
96,10,1999-08-21 11:03:00,1999-08-22 08:29:00,1999-08-23 15:53:00,1999-08-26 11:53:00,-75,,HSS,,,1999-08-21 19:29:00,1999-08-26 11:53:00
97,11,1999-09-12 02:54:00,1999-09-12 09:48:00,1999-09-13 03:54:00,1999-09-15 20:19:00,-70,ICME,HSS,complex,,1999-09-12 02:54:00,1999-09-15 20:19:00
98,12,1999-09-22 11:17:00,1999-09-22 20:43:00,1999-09-22 23:35:00,1999-09-25 21:17:00,-166,ICME,,,,1999-09-22 11:17:00,1999-09-25 21:17:00
99,13,1999-09-26 09:45:00,1999-09-26 20:30:00,1999-09-27 16:03:00,1999-09-29 17:21:00,-68,,HSS,,,1999-09-26 09:45:00,1999-09-29 17:21:00
100,14,1999-10-21 17:41:00,1999-10-22 00:14:00,1999-10-22 07:12:00,1999-10-25 05:22:00,-228,ICME,,,,1999-10-21 17:41:00,1999-10-25 05:22:00
101,15,1999-10-28 09:54:00,1999-10-28 13:53:00,1999-10-28 16:52:00,1999-10-31 06:50:00,-70,ICME,HSS,complex,,1999-10-28 09:54:00,1999-10-31 06:50:00
102,16,1999-11-06 21:21:00,1999-11-07 04:25:00,1999-11-08 13:13:00,1999-11-10 10:59:00,-79,,HSS,,,1999-11-06 21:21:00,1999-11-10 10:59:00
103,17,1999-11-13 07:52:00,1999-11-13 12:59:00,1999-11-13 20:10:00,1999-11-16 09:49:00,-106,ICME,,,,1999-11-13 07:52:00,1999-11-16 09:49:00
104,18,1999-12-02 06:48:00,1999-12-02 21:19:00,1999-12-05 06:41:00,1999-12-07 09:34:00,-51,,HSS,,,1999-12-02 08:19:00,1999-12-07 09:34:00
105,19,1999-12-12 11:48:00,1999-12-12 19:24:00,1999-12-13 09:01:00,1999-12-18 04:19:00,-98,ICME,,,,1999-12-12 11:48:00,1999-12-16 09:01:00
106,20,1999-12-30 12:57:00,1999-12-30 20:41:00,1999-12-31 23:10:00,2000-01-03 21:56:00,-62,,HSS,,,1999-12-30 12:57:00,2000-01-03 21:56:00
107,0,2000-01-11 01:34:00,2000-01-11 11:20:00,2000-01-11 21:29:00,2000-01-16 09:49:00,-83,,HSS,,,2000-01-11 01:34:00,2000-01-14 21:29:00
108,1,2000-01-21 21:41:00,2000-01-22 07:13:00,2000-01-23 03:14:00,2000-01-27 06:15:00,-101,ICME,,,,2000-01-21 21:41:00,2000-01-26 03:14:00
109,2,2000-02-05 13:35:00,2000-02-05 18:32:00,2000-02-06 23:50:00,2000-02-10 19:48:00,-55,,HSS,complex,,2000-02-05 13:35:00,2000-02-09 23:50:00
110,3,2000-02-11 19:21:00,2000-02-12 00:01:00,2000-02-12 11:34:00,2000-02-14 11:38:00,-165,ICME,,,,2000-02-11 19:21:00,2000-02-14 11:38:00
111,4,2000-03-05 21:33:00,2000-03-06 03:03:00,2000-03-08 21:31:00,2000-03-10 05:55:00,-57,,HSS,,,2000-03-05 21:33:00,2000-03-10 05:55:00
112,5,2000-03-29 18:43:00,2000-03-29 21:09:00,2000-03-31 11:24:00,2000-04-01 10:21:00,-73,ICME,,,,2000-03-29 18:43:00,2000-04-01 10:21:00
113,6,2000-04-06 11:47:00,2000-04-06 17:01:00,2000-04-07 00:09:00,2000-04-12 19:19:00,-320,ICME,,,,2000-04-06 11:47:00,2000-04-10 00:09:00
114,7,2000-04-15 15:37:00,2000-04-15 19:35:00,2000-04-16 11:02:00,2000-04-18 16:59:00,-94,ICME,HSS,complex,,2000-04-15 15:37:00,2000-04-18 16:59:00
115,8,2000-04-24 00:45:00,2000-04-24 05:33:00,2000-04-24 14:07:00,2000-04-26 17:35:00,-78,ICME,,,,2000-04-24 00:45:00,2000-04-26 17:35:00
116,9,2000-05-01 08:14:00,2000-05-01 11:42:00,2000-05-02 11:57:00,2000-05-03 14:18:00,-53,ICME,,,,2000-05-01 08:14:00,2000-05-03 14:18:00
117,10,2000-05-16 18:24:00,2000-05-17 00:42:00,2000-05-17 05:37:00,2000-05-19 05:22:00,-100,ICME,,,,2000-05-16 18:24:00,2000-05-19 05:22:00
118,11,2000-05-23 15:46:00,2000-05-24 02:23:00,2000-05-24 03:48:00,2000-05-29 16:13:00,-173,ICME,,,,2000-05-23 15:46:00,2000-05-27 03:48:00
119,12,2000-05-29 12:53:00,2000-05-29 16:37:00,2000-05-29 21:37:00,2000-06-01 21:27:00,-59,,HSS,,,2000-05-29 12:53:00,2000-06-01 21:27:00
120,13,2000-06-08 02:06:00,2000-06-08 09:58:00,2000-06-08 18:56:00,2000-06-11 17:44:00,-90,ICME,,,,2000-06-08 02:06:00,2000-06-11 17:44:00
121,14,2000-06-25 20:21:00,2000-06-26 03:16:00,2000-06-26 17:46:00,2000-06-30 23:05:00,-80,ICME,,,,2000-06-25 20:21:00,2000-06-29 17:46:00
122,15,2000-07-15 12:50:00,2000-07-15 15:57:00,2000-07-15 21:54:00,2000-07-19 18:09:00,-347,ICME,,,,2000-07-15 12:50:00,2000-07-18 21:54:00
123,16,2000-07-23 17:20:00,2000-07-23 20:08:00,2000-07-23 22:48:00,2000-07-25 07:06:00,-70,ICME,HSS,complex,,2000-07-23 17:20:00,2000-07-25 07:06:00
124,17,2000-07-28 01:50:00,2000-07-28 10:01:00,2000-07-29 11:22:00,2000-07-31 07:14:00,-87,ICME,,,,2000-07-28 01:50:00,2000-07-31 07:14:00
125,18,2000-08-05 01:18:00,2000-08-05 05:59:00,2000-08-06 05:15:00,2000-08-08 18:41:00,-63,,HSS,,,2000-08-05 01:18:00,2000-08-08 18:41:00
126,19,2000-08-11 18:34:00,2000-08-12 02:26:00,2000-08-12 10:06:00,2000-08-14 22:19:00,-235,ICME,,,,2000-08-11 18:34:00,2000-08-14 22:19:00
127,20,2000-08-28 00:17:00,2000-08-28 10:32:00,2000-08-29 06:42:00,2000-08-30 18:56:00,-63,,HSS,,,2000-08-28 00:17:00,2000-08-30 18:56:00
128,21,2000-09-10 23:13:00,2000-09-12 04:18:00,2000-09-12 19:06:00,2000-09-15 04:49:00,-67,,HSS,,,2000-09-11 15:18:00,2000-09-15 04:49:00
129,22,2000-09-17 11:10:00,2000-09-17 20:27:00,2000-09-18 00:24:00,2000-09-23 22:21:00,-203,ICME,,,,2000-09-17 11:10:00,2000-09-21 00:24:00
130,23,2000-09-28 19:06:00,2000-09-29 11:14:00,2000-09-30 13:40:00,2000-10-02 05:37:00,-72,,HSS,complex,,2000-09-28 22:14:00,2000-10-02 05:37:00
131,24,2000-10-03 16:13:00,2000-10-04 01:11:00,2000-10-05 13:45:00,2000-10-08 13:12:00,-187,ICME,HSS,complex,,2000-10-03 16:13:00,2000-10-08 13:12:00
132,25,2000-10-12 20:46:00,2000-10-13 00:46:00,2000-10-14 14:33:00,2000-10-16 22:05:00,-101,ICME,,,,2000-10-12 20:46:00,2000-10-16 22:05:00
133,26,2000-10-28 07:43:00,2000-10-28 11:30:00,2000-10-29 02:38:00,2000-10-31 17:15:00,-121,ICME,,,,2000-10-28 07:43:00,2000-10-31 17:15:00
134,27,2000-11-06 06:53:00,2000-11-06 10:00:00,2000-11-06 21:04:00,2000-11-08 03:44:00,-176,ICME,,,,2000-11-06 06:53:00,2000-11-08 03:44:00
135,28,2000-11-09 09:25:00,2000-11-10 08:36:00,2000-11-10 12:32:00,2000-11-13 20:54:00,-107,ICME,,,,2000-11-09 19:36:00,2000-11-13 12:32:00
136,29,2000-11-26 03:44:00,2000-11-26 19:32:00,2000-11-29 13:50:00,2000-12-03 04:21:00,-128,ICME,HSS,complex,,2000-11-26 06:32:00,2000-12-02 13:50:00
137,30,2000-12-22 16:21:00,2000-12-22 22:27:00,2000-12-23 04:28:00,2000-12-24 17:02:00,-70,ICME,,,,2000-12-22 16:21:00,2000-12-24 17:02:00
138,0,2001-01-02 19:54:00,2001-01-03 02:11:00,2001-01-03 05:42:00,2001-01-04 11:22:00,-55,ICME,HSS,complex,,2001-01-02 19:54:00,2001-01-04 11:22:00
139,1,2001-01-23 09:31:00,2001-01-23 13:21:00,2001-01-24 18:24:00,2001-01-28 14:59:00,-78,ICME,,,,2001-01-23 09:31:00,2001-01-27 18:24:00
140,2,2001-01-31 07:14:00,2001-01-31 08:24:00,2001-01-31 16:31:00,2001-02-03 06:21:00,-62,ICME,,,,2001-01-31 07:14:00,2001-02-03 06:21:00
141,3,2001-02-13 01:09:00,2001-02-13 05:09:00,2001-02-13 21:26:00,2001-02-16 17:41:00,-56,,HSS,,,2001-02-13 01:09:00,2001-02-16 17:41:00
142,4,2001-03-03 10:03:00,2001-03-03 12:37:00,2001-03-05 01:05:00,2001-03-06 18:33:00,-80,ICME,HSS,complex,,2001-03-03 10:03:00,2001-03-06 18:33:00
143,5,2001-03-18 15:34:00,2001-03-19 00:44:00,2001-03-20 13:20:00,2001-03-22 13:42:00,-165,ICME,,,,2001-03-18 15:34:00,2001-03-22 13:42:00
144,6,2001-03-30 19:52:00,2001-03-31 04:45:00,2001-03-31 08:06:00,2001-04-04 06:40:00,-437,ICME,,,,2001-03-30 19:52:00,2001-04-03 08:06:00
145,7,2001-04-11 12:01:00,2001-04-11 16:03:00,2001-04-11 23:57:00,2001-04-13 09:56:00,-280,ICME,,,,2001-04-11 12:01:00,2001-04-13 09:56:00
146,8,2001-04-17 22:59:00,2001-04-18 02:03:00,2001-04-18 06:03:00,2001-04-20 20:44:00,-122,ICME,,,,2001-04-17 22:59:00,2001-04-20 20:44:00
147,9,2001-04-21 11:04:00,2001-04-22 03:01:00,2001-04-23 10:02:00,2001-04-25 06:17:00,-77,ICME,,,,2001-04-21 14:01:00,2001-04-25 06:17:00
148,10,2001-05-07 22:27:00,2001-05-08 12:06:00,2001-05-10 05:47:00,2001-05-18 08:47:00,-90,,HSS,,,2001-05-07 23:06:00,2001-05-13 05:47:00
149,11,2001-06-17 17:27:00,2001-06-18 04:10:00,2001-06-18 08:01:00,2001-06-19 16:15:00,-84,ICME,,,,2001-06-17 17:27:00,2001-06-19 16:15:00
150,12,2001-07-30 21:44:00,2001-07-31 03:54:00,2001-07-31 06:33:00,2001-08-01 13:37:00,-51,,HSS,,,2001-07-30 21:44:00,2001-08-01 13:37:00
151,13,2001-08-17 08:34:00,2001-08-17 17:18:00,2001-08-17 21:16:00,2001-08-19 06:42:00,-131,ICME,,,,2001-08-17 08:34:00,2001-08-19 06:42:00
152,14,2001-09-12 23:32:00,2001-09-13 02:42:00,2001-09-13 07:11:00,2001-09-14 02:05:00,-73,ICME,,,,2001-09-12 23:32:00,2001-09-14 02:05:00
153,15,2001-09-25 17:54:00,2001-09-25 22:20:00,2001-09-26 01:17:00,2001-09-29 00:15:00,-118,ICME,,,,2001-09-25 17:54:00,2001-09-29 00:15:00
154,16,2001-10-03 01:10:00,2001-10-03 06:50:00,2001-10-03 14:26:00,2001-10-05 13:59:00,-188,ICME,,,,2001-10-03 01:10:00,2001-10-05 13:59:00
155,17,2001-10-11 14:12:00,2001-10-11 17:39:00,2001-10-12 03:25:00,2001-10-15 01:12:00,-89,ICME,,,,2001-10-11 14:12:00,2001-10-15 01:12:00
156,18,2001-10-21 12:35:00,2001-10-21 17:09:00,2001-10-21 21:28:00,2001-10-25 08:51:00,-219,ICME,,,,2001-10-21 12:35:00,2001-10-24 21:28:00
157,19,2001-10-28 00:50:00,2001-10-28 03:33:00,2001-10-28 11:24:00,2001-10-31 13:49:00,-150,ICME,,,,2001-10-28 00:50:00,2001-10-31 11:24:00
158,20,2001-11-05 07:19:00,2001-11-05 20:00:00,2001-11-06 04:06:00,2001-11-12 10:11:00,-320,ICME,,,,2001-11-05 07:19:00,2001-11-09 04:06:00
159,21,2001-11-24 02:45:00,2001-11-24 06:44:00,2001-11-24 12:37:00,2001-11-29 01:20:00,-234,ICME,,,,2001-11-24 02:45:00,2001-11-27 12:37:00
160,22,2001-12-21 08:28:00,2001-12-21 14:41:00,2001-12-21 23:06:00,2001-12-23 18:50:00,-65,,HSS,,,2001-12-21 08:28:00,2001-12-23 18:50:00
161,23,2001-12-29 03:38:00,2001-12-30 02:45:00,2001-12-30 05:12:00,2001-12-30 19:09:00,-56,ICME,,,,2001-12-29 13:45:00,2001-12-30 19:09:00
162,0,2002-01-10 01:13:00,2002-01-10 08:47:00,2002-01-11 05:42:00,2002-01-16 12:51:00,-76,ICME,,,,2002-01-10 01:13:00,2002-01-14 05:42:00
163,1,2002-02-01 19:08:00,2002-02-02 01:23:00,2002-02-02 08:55:00,2002-02-02 20:42:00,-90,,HSS,,,2002-02-01 19:08:00,2002-02-02 20:42:00
164,2,2002-03-18 10:53:00,2002-03-19 01:04:00,2002-03-19 06:10:00,2002-03-20 15:01:00,-66,ICME,,,,2002-03-18 12:04:00,2002-03-20 15:01:00
165,3,2002-03-23 07:09:00,2002-03-23 12:39:00,2002-03-24 08:48:00,2002-03-25 17:06:00,-114,ICME,,,,2002-03-23 07:09:00,2002-03-25 17:06:00
166,4,2002-03-29 20:22:00,2002-03-30 04:24:00,2002-04-02 07:59:00,2002-04-05 10:45:00,-67,ICME,HSS,complex,,2002-03-29 20:22:00,2002-04-05 07:59:00
167,5,2002-04-19 06:25:00,2002-04-19 11:39:00,2002-04-20 06:01:00,2002-04-23 04:49:00,-185,ICME,,,,2002-04-19 06:25:00,2002-04-23 04:49:00
168,6,2002-05-11 08:13:00,2002-05-11 12:41:00,2002-05-11 19:57:00,2002-05-13 14:54:00,-110,ICME,,,,2002-05-11 08:13:00,2002-05-13 14:54:00
169,7,2002-05-23 07:42:00,2002-05-23 12:16:00,2002-05-23 17:00:00,2002-05-27 03:15:00,-116,ICME,,,,2002-05-23 07:42:00,2002-05-26 17:00:00
170,8,2002-06-01 04:01:00,2002-06-01 23:37:00,2002-06-03 00:05:00,2002-06-07 04:26:00,-51,,HSS,,,2002-06-01 10:37:00,2002-06-06 00:05:00
171,9,2002-07-04 17:57:00,2002-07-05 18:19:00,2002-07-06 05:18:00,2002-07-10 19:32:00,-60,,HSS,,,2002-07-05 05:19:00,2002-07-09 05:18:00
172,10,2002-07-12 00:15:00,2002-07-12 05:40:00,2002-07-12 10:32:00,2002-07-15 06:24:00,-59,ICME,,,,2002-07-12 00:15:00,2002-07-15 06:24:00
173,11,2002-07-19 12:58:00,2002-07-19 16:40:00,2002-07-22 11:38:00,2002-07-25 16:15:00,-58,ICME,,,,2002-07-19 12:58:00,2002-07-25 11:38:00
174,12,2002-07-31 20:35:00,2002-08-01 23:50:00,2002-08-02 04:53:00,2002-08-05 23:22:00,-115,ICME,HSS,complex,,2002-08-01 10:50:00,2002-08-05 04:53:00
175,13,2002-08-18 16:05:00,2002-08-18 22:55:00,2002-08-21 05:24:00,2002-08-25 08:34:00,-119,ICME,,,,2002-08-18 16:05:00,2002-08-24 05:24:00
176,14,2002-08-29 19:32:00,2002-08-29 21:52:00,2002-08-30 06:50:00,2002-08-30 15:46:00,-50,ICME,HSS,complex,,2002-08-29 19:32:00,2002-08-30 15:46:00
177,15,2002-09-07 04:52:00,2002-09-07 13:01:00,2002-09-07 23:57:00,2002-09-09 19:55:00,-168,ICME,,,,2002-09-07 04:52:00,2002-09-09 19:55:00
178,16,2002-09-30 06:07:00,2002-10-01 06:16:00,2002-10-01 12:53:00,2002-10-03 09:48:00,-154,ICME,,,,2002-09-30 17:16:00,2002-10-03 09:48:00
179,17,2002-10-06 20:10:00,2002-10-07 02:13:00,2002-10-07 07:15:00,2002-10-11 12:37:00,-94,ICME,HSS,complex,,2002-10-06 20:10:00,2002-10-10 07:15:00
180,18,2002-10-13 10:07:00,2002-10-13 21:06:00,2002-10-14 13:50:00,2002-10-15 08:29:00,-88,,HSS,,,2002-10-13 10:07:00,2002-10-15 08:29:00
181,19,2002-10-23 08:16:00,2002-10-24 01:31:00,2002-10-24 20:35:00,2002-10-26 10:09:00,-88,,HSS,,,2002-10-23 12:31:00,2002-10-26 10:09:00
182,20,2002-11-01 11:42:00,2002-11-02 02:22:00,2002-11-03 17:27:00,2002-11-08 23:34:00,-74,,HSS,,bz fluctiations,2002-11-01 13:22:00,2002-11-06 17:27:00
183,21,2002-11-19 17:22:00,2002-11-21 03:05:00,2002-11-21 10:14:00,2002-11-26 21:40:00,-127,ICME,,,,2002-11-20 14:05:00,2002-11-24 10:14:00
184,22,2002-11-26 17:40:00,2002-11-26 22:42:00,2002-11-27 11:20:00,2002-11-29 16:52:00,-53,ICME,,,,2002-11-26 17:40:00,2002-11-29 16:52:00
185,23,2002-12-18 23:45:00,2002-12-19 08:36:00,2002-12-21 03:18:00,2002-12-22 13:02:00,-90,ICME,HSS,,,2002-12-18 23:45:00,2002-12-22 13:02:00
186,24,2002-12-26 07:24:00,2002-12-26 22:10:00,2002-12-27 04:04:00,2002-12-31 23:59:00,-84,,HSS,,,2002-12-26 09:10:00,2002-12-30 04:04:00
187,1,2003-02-01 13:36:00,2003-02-01 18:46:00,2003-02-02 15:24:00,2003-02-04 01:17:00,-84,ICME,,,,2003-02-01 13:36:00,2003-02-04 01:17:00
188,2,2003-03-02 19:47:00,2003-03-03 15:37:00,2003-03-04 00:11:00,2003-03-08 03:15:00,-76,,,,,2003-03-03 02:37:00,2003-03-07 00:11:00
189,3,2003-04-07 21:33:00,2003-04-08 04:29:00,2003-04-09 07:31:00,2003-04-09 22:52:00,-51,,HSS,,,2003-04-07 21:33:00,2003-04-09 22:52:00
190,4,2003-04-20 08:47:00,2003-04-20 22:36:00,2003-04-23 08:45:00,2003-04-27 03:16:00,-58,,HSS,,,2003-04-20 09:36:00,2003-04-26 08:45:00
191,5,2003-04-29 02:18:00,2003-04-29 08:05:00,2003-05-01 00:50:00,2003-05-03 06:48:00,-94,,HSS,,,2003-04-29 02:18:00,2003-05-03 06:48:00
192,6,2003-05-09 05:21:00,2003-05-09 08:01:00,2003-05-10 07:37:00,2003-05-12 00:00:00,-93,ICME,,,,2003-05-09 05:21:00,2003-05-12 00:00:00
193,7,2003-05-21 05:26:00,2003-05-21 16:18:00,2003-05-22 02:15:00,2003-05-24 03:32:00,-74,,HSS,,,2003-05-21 05:26:00,2003-05-24 03:32:00
194,8,2003-05-29 15:31:00,2003-05-29 16:38:00,2003-05-30 01:58:00,2003-05-30 16:42:00,-164,ICME,,,,2003-05-29 15:31:00,2003-05-30 16:42:00
195,9,2003-06-15 17:06:00,2003-06-16 09:58:00,2003-06-18 09:12:00,2003-06-20 08:39:00,-163,ICME,HSS,complex,,2003-06-15 20:58:00,2003-06-20 08:39:00
196,10,2003-07-11 07:10:00,2003-07-11 15:24:00,2003-07-12 05:39:00,2003-07-14 17:49:00,-125,,HSS,,,2003-07-11 07:10:00,2003-07-14 17:49:00
197,11,2003-07-26 11:12:00,2003-07-26 17:52:00,2003-07-27 07:41:00,2003-07-28 02:00:00,-70,,HSS,,,2003-07-26 11:12:00,2003-07-28 02:00:00
198,12,2003-08-05 12:38:00,2003-08-06 00:27:00,2003-08-06 06:32:00,2003-08-07 04:28:00,-60,ICME,HSS,complex,,2003-08-05 12:38:00,2003-08-07 04:28:00
199,13,2003-08-17 06:33:00,2003-08-17 16:20:00,2003-08-18 14:32:00,2003-08-21 02:06:00,-139,ICME,,,,2003-08-17 06:33:00,2003-08-21 02:06:00
200,14,2003-09-14 23:36:00,2003-09-16 00:59:00,2003-09-17 23:24:00,2003-09-23 22:18:00,-77,,HSS,,,2003-09-15 11:59:00,2003-09-20 23:24:00
201,15,2003-09-23 20:02:00,2003-09-23 22:26:00,2003-09-24 07:34:00,2003-09-28 07:41:00,-68,,HSS,,,2003-09-23 20:02:00,2003-09-27 07:34:00
202,16,2003-10-01 12:46:00,2003-10-01 20:46:00,2003-10-01 22:58:00,2003-10-02 22:56:00,-53,,HSS,,,2003-10-01 12:46:00,2003-10-02 22:56:00
203,17,2003-10-14 11:19:00,2003-10-14 15:43:00,2003-10-14 23:01:00,2003-10-16 22:16:00,-103,ICME,,,,2003-10-14 11:19:00,2003-10-16 22:16:00
204,18,2003-10-19 06:45:00,2003-10-20 18:48:00,2003-10-22 06:22:00,2003-10-23 21:16:00,-75,,HSS,,,2003-10-20 05:48:00,2003-10-23 21:16:00
205,19,2003-10-27 22:57:00,2003-10-29 06:53:00,2003-10-30 22:55:00,2003-11-03 16:59:00,-432,ICME,,,,2003-10-28 17:53:00,2003-11-02 22:55:00
206,20,2003-11-15 00:27:00,2003-11-15 06:23:00,2003-11-15 16:19:00,2003-11-18 22:01:00,-57,ICME,,,,2003-11-15 00:27:00,2003-11-18 16:19:00
207,21,2003-11-20 01:38:00,2003-11-20 08:13:00,2003-11-20 18:18:00,2003-11-22 12:38:00,-490,ICME,,,,2003-11-20 01:38:00,2003-11-22 12:38:00
208,22,2003-12-04 07:57:00,2003-12-05 03:46:00,2003-12-05 11:19:00,2003-12-14 15:43:00,-60,,HSS,,,2003-12-04 14:46:00,2003-12-08 11:19:00
209,23,2003-12-08 06:59:00,2003-12-10 09:21:00,2003-12-10 22:39:00,2003-12-17 11:38:00,-72,,HSS,,,2003-12-09 20:21:00,2003-12-13 22:39:00
210,0,2004-01-21 22:57:00,2004-01-22 10:56:00,2004-01-22 13:25:00,2004-01-24 04:24:00,-137,ICME,,,,2004-01-21 22:57:00,2004-01-24 04:24:00
211,1,2004-02-10 18:42:00,2004-02-11 03:11:00,2004-02-11 17:13:00,2004-02-21 01:39:00,-107,ICME,,,,2004-02-10 18:42:00,2004-02-14 17:13:00
212,2,2004-03-08 15:21:00,2004-03-09 12:42:00,2004-03-10 05:30:00,2004-03-19 21:43:00,-101,,HSS,,,2004-03-08 23:42:00,2004-03-13 05:30:00
213,3,2004-03-25 04:53:00,2004-03-25 18:08:00,2004-03-28 04:51:00,2004-04-02 23:10:00,-64,,HSS,,,2004-03-25 05:08:00,2004-03-31 04:51:00
214,4,2004-04-03 12:47:00,2004-04-03 15:10:00,2004-04-04 00:44:00,2004-04-05 13:02:00,-149,ICME,,,,2004-04-03 12:47:00,2004-04-05 13:02:00
215,5,2004-04-08 22:58:00,2004-04-09 02:37:00,2004-04-09 04:05:00,2004-04-10 20:12:00,-51,ICME,,,,2004-04-08 22:58:00,2004-04-10 20:12:00
216,6,2004-04-30 15:39:00,2004-04-30 20:17:00,2004-04-30 22:28:00,2004-05-02 10:48:00,-54,,HSS,,bz fluctiations,2004-04-30 15:39:00,2004-05-02 10:48:00
217,7,2004-05-10 18:58:00,2004-05-10 23:56:00,2004-05-12 04:00:00,2004-05-14 21:02:00,-55,,HSS,,,2004-05-10 18:58:00,2004-05-14 21:02:00
218,8,2004-06-13 04:16:00,2004-06-14 07:12:00,2004-06-15 07:51:00,2004-06-18 05:21:00,-52,,HSS,,,2004-06-13 18:12:00,2004-06-18 05:21:00
219,9,2004-07-16 21:37:00,2004-07-16 22:44:00,2004-07-17 02:42:00,2004-07-19 13:10:00,-93,ICME,,,,2004-07-16 21:37:00,2004-07-19 13:10:00
220,10,2004-07-26 18:40:00,2004-07-26 23:02:00,2004-07-27 13:35:00,2004-08-04 07:19:00,-208,ICME,,,,2004-07-26 18:40:00,2004-07-30 13:35:00
221,11,2004-08-29 08:49:00,2004-08-30 02:27:00,2004-08-30 22:53:00,2004-09-04 00:50:00,-128,ICME,,,,2004-08-29 13:27:00,2004-09-02 22:53:00
222,12,2004-09-13 17:56:00,2004-09-14 01:08:00,2004-09-14 22:16:00,2004-09-19 00:04:00,-59,ICME,,,,2004-09-13 17:56:00,2004-09-17 22:16:00
223,13,2004-10-12 17:48:00,2004-10-12 21:09:00,2004-10-13 07:54:00,2004-10-17 02:05:00,-64,,HSS,,,2004-10-12 17:48:00,2004-10-16 07:54:00
224,14,2004-10-29 10:54:00,2004-10-29 14:37:00,2004-10-30 08:52:00,2004-10-31 22:54:00,-50,,HSS,,,2004-10-29 10:54:00,2004-10-31 22:54:00
225,15,2004-11-07 01:42:00,2004-11-07 20:47:00,2004-11-08 05:55:00,2004-11-09 07:17:00,-394,ICME,,,,2004-11-07 07:47:00,2004-11-09 07:17:00
226,16,2004-11-09 16:56:00,2004-11-09 18:51:00,2004-11-09 21:03:00,2004-11-11 18:10:00,-271,ICME,,,,2004-11-09 16:56:00,2004-11-11 18:10:00
227,17,2004-11-11 05:20:00,2004-11-11 21:59:00,2004-11-14 02:10:00,2004-11-19 14:39:00,-63,,HSS,complex,,2004-11-11 08:59:00,2004-11-17 02:10:00
228,18,2004-12-12 19:04:00,2004-12-12 23:32:00,2004-12-13 04:41:00,2004-12-16 02:17:00,-58,ICME,,,,2004-12-12 19:04:00,2004-12-16 02:17:00
229,0,2005-01-01 10:01:00,2005-01-01 17:49:00,2005-01-02 21:38:00,2005-01-04 13:34:00,-64,,HSS,,,2005-01-01 10:01:00,2005-01-04 13:34:00
230,1,2005-01-07 08:12:00,2005-01-07 14:23:00,2005-01-08 00:05:00,2005-01-09 10:42:00,-112,ICME,,,,2005-01-07 08:12:00,2005-01-09 10:42:00
231,2,2005-01-16 12:54:00,2005-01-16 21:47:00,2005-01-18 08:20:00,2005-01-21 17:11:00,-107,ICME,,,,2005-01-16 12:54:00,2005-01-21 08:20:00
232,3,2005-02-07 06:34:00,2005-02-07 09:37:00,2005-02-07 21:29:00,2005-02-14 01:42:00,-68,,HSS,,,2005-02-07 06:34:00,2005-02-10 21:29:00
233,4,2005-02-17 20:03:00,2005-02-17 23:01:00,2005-02-18 01:56:00,2005-02-22 09:42:00,-95,ICME,,,,2005-02-17 20:03:00,2005-02-21 01:56:00
234,5,2005-03-04 19:42:00,2005-03-05 05:49:00,2005-03-07 00:19:00,2005-03-10 20:56:00,-66,,HSS,,,2005-03-04 19:42:00,2005-03-10 00:19:00
235,6,2005-04-03 15:29:00,2005-04-04 15:01:00,2005-04-05 02:40:00,2005-04-09 16:50:00,-93,,HSS,,,2005-04-04 02:01:00,2005-04-08 02:40:00
236,7,2005-04-11 09:44:00,2005-04-11 18:02:00,2005-04-12 05:40:00,2005-04-17 20:36:00,-80,,HSS,,,2005-04-11 09:44:00,2005-04-15 05:40:00
237,8,2005-04-19 18:58:00,2005-04-20 03:46:00,2005-04-20 05:45:00,2005-04-22 15:15:00,-50,,HSS,,,2005-04-19 18:58:00,2005-04-22 15:15:00
238,9,2005-04-29 12:58:00,2005-04-29 19:25:00,2005-04-30 02:36:00,2005-05-05 18:33:00,-58,,HSS,,,2005-04-29 12:58:00,2005-05-03 02:36:00
239,10,2005-05-07 15:36:00,2005-05-07 22:18:00,2005-05-08 20:03:00,2005-05-11 06:46:00,-117,,HSS,,,2005-05-07 15:36:00,2005-05-11 06:46:00
240,11,2005-05-14 22:46:00,2005-05-15 06:23:00,2005-05-15 08:20:00,2005-05-18 09:15:00,-305,ICME,,,,2005-05-14 22:46:00,2005-05-18 08:20:00
241,12,2005-05-19 22:27:00,2005-05-20 05:11:00,2005-05-20 08:55:00,2005-05-24 08:54:00,-93,ICME,,,,2005-05-19 22:27:00,2005-05-23 08:55:00
242,13,2005-05-29 13:12:00,2005-05-29 23:07:00,2005-05-30 19:30:00,2005-06-02 16:12:00,-127,ICME,,,,2005-05-29 13:12:00,2005-06-02 16:12:00
243,14,2005-06-04 07:00:00,2005-06-04 16:16:00,2005-06-07 05:03:00,2005-06-10 11:53:00,-54,,HSS,,,2005-06-04 07:00:00,2005-06-10 05:03:00
244,15,2005-06-12 06:05:00,2005-06-12 17:44:00,2005-06-13 00:38:00,2005-06-14 18:37:00,-113,ICME,,,,2005-06-12 06:05:00,2005-06-14 18:37:00
245,16,2005-06-21 18:25:00,2005-06-22 21:21:00,2005-06-23 10:50:00,2005-06-27 16:06:00,-101,,HSS,,,2005-06-22 08:21:00,2005-06-26 10:50:00
246,17,2005-07-10 01:51:00,2005-07-10 11:47:00,2005-07-10 20:12:00,2005-07-13 05:16:00,-114,ICME,,,,2005-07-10 01:51:00,2005-07-13 05:16:00
247,18,2005-07-17 19:32:00,2005-07-17 23:10:00,2005-07-18 06:42:00,2005-07-20 03:25:00,-84,,HSS,,,2005-07-17 19:32:00,2005-07-20 03:25:00
248,19,2005-07-27 19:15:00,2005-07-27 23:45:00,2005-07-28 05:00:00,2005-07-29 04:11:00,-62,ICME,HSS,complex,,2005-07-27 19:15:00,2005-07-29 04:11:00
249,20,2005-08-24 04:00:00,2005-08-24 09:52:00,2005-08-24 11:50:00,2005-08-30 01:24:00,-179,ICME,,,,2005-08-24 04:00:00,2005-08-27 11:50:00
250,21,2005-08-30 19:05:00,2005-08-31 13:20:00,2005-08-31 19:08:00,2005-09-02 18:01:00,-119,ICME,,,,2005-08-31 00:20:00,2005-09-02 18:01:00
251,22,2005-09-09 11:12:00,2005-09-09 16:03:00,2005-09-11 10:05:00,2005-09-15 09:04:00,-137,ICME,,,,2005-09-09 11:12:00,2005-09-14 10:05:00
252,23,2005-10-06 20:13:00,2005-10-07 20:38:00,2005-10-08 07:30:00,2005-10-13 09:09:00,-61,,HSS,,,2005-10-07 07:38:00,2005-10-11 07:30:00
253,24,2005-10-30 23:43:00,2005-10-31 08:31:00,2005-10-31 19:53:00,2005-11-02 16:42:00,-78,ICME,,,,2005-10-30 23:43:00,2005-11-02 16:42:00
254,25,2005-12-09 12:34:00,2005-12-09 21:56:00,2005-12-11 18:26:00,2005-12-14 20:33:00,-62,,HSS,,,2005-12-09 12:34:00,2005-12-14 18:26:00
255,0,2006-01-25 08:50:00,2006-01-25 18:32:00,2006-01-26 04:02:00,2006-01-30 18:32:00,-61,,HSS,,,2006-01-25 08:50:00,2006-01-29 04:02:00
256,1,2006-03-06 03:42:00,2006-03-06 12:21:00,2006-03-07 01:30:00,2006-03-08 10:31:00,-52,,HSS,,,2006-03-06 03:42:00,2006-03-08 10:31:00
257,2,2006-03-17 17:05:00,2006-03-18 07:19:00,2006-03-19 00:41:00,2006-03-25 22:26:00,-62,,HSS,complex,,2006-03-17 18:19:00,2006-03-22 00:41:00
258,3,2006-04-08 05:11:00,2006-04-08 09:45:00,2006-04-09 06:51:00,2006-04-13 02:36:00,-107,ICME,,,,2006-04-08 05:11:00,2006-04-12 06:51:00
259,4,2006-04-12 02:28:00,2006-04-13 16:34:00,2006-04-14 09:21:00,2006-04-20 11:15:00,-111,ICME,,,,2006-04-13 03:34:00,2006-04-17 09:21:00
260,5,2006-04-21 09:25:00,2006-04-21 16:27:00,2006-04-22 03:54:00,2006-04-26 19:41:00,-59,,HSS,,,2006-04-21 09:25:00,2006-04-25 03:54:00
261,6,2006-05-06 11:37:00,2006-05-06 20:03:00,2006-05-06 21:39:00,2006-05-09 21:53:00,-62,,HSS,,,2006-05-06 11:37:00,2006-05-09 21:39:00
262,7,2006-07-27 10:08:00,2006-07-28 01:39:00,2006-07-28 04:27:00,2006-07-30 23:50:00,-70,,HSS,,,2006-07-27 12:39:00,2006-07-30 23:50:00
263,8,2006-08-06 22:52:00,2006-08-07 03:47:00,2006-08-07 07:27:00,2006-08-10 15:07:00,-71,,HSS,,,2006-08-06 22:52:00,2006-08-10 07:27:00
264,9,2006-08-18 16:43:00,2006-08-19 13:24:00,2006-08-20 01:09:00,2006-08-26 16:48:00,-95,ICME,,,,2006-08-19 00:24:00,2006-08-23 01:09:00
265,10,2006-09-03 09:14:00,2006-09-04 01:07:00,2006-09-04 05:01:00,2006-09-08 21:08:00,-72,ICME,,,,2006-09-03 12:07:00,2006-09-07 05:01:00
266,11,2006-09-23 12:04:00,2006-09-24 01:05:00,2006-09-24 10:10:00,2006-09-28 18:45:00,-58,ICME,HSS,complex,,2006-09-23 12:05:00,2006-09-27 10:10:00
267,12,2006-09-30 00:40:00,2006-09-30 04:40:00,2006-10-01 03:51:00,2006-10-03 17:59:00,-57,ICME,HSS,complex,,2006-09-30 00:40:00,2006-10-03 17:59:00
268,13,2006-10-12 23:53:00,2006-10-13 05:38:00,2006-10-13 23:34:00,2006-10-18 21:55:00,-64,,HSS,,,2006-10-12 23:53:00,2006-10-16 23:34:00
269,14,2006-11-09 10:09:00,2006-11-09 21:33:00,2006-11-10 02:46:00,2006-11-13 22:59:00,-81,ICME,,,,2006-11-09 10:09:00,2006-11-13 02:46:00
270,15,2006-11-29 13:52:00,2006-11-29 22:08:00,2006-11-30 11:36:00,2006-12-01 17:48:00,-71,ICME,,,,2006-11-29 13:52:00,2006-12-01 17:48:00
271,16,2006-12-05 17:29:00,2006-12-06 02:04:00,2006-12-06 12:04:00,2006-12-08 04:37:00,-66,,HSS,,,2006-12-05 17:29:00,2006-12-08 04:37:00
272,17,2006-12-14 12:00:00,2006-12-14 22:38:00,2006-12-15 00:55:00,2006-12-18 16:54:00,-211,ICME,,,,2006-12-14 12:00:00,2006-12-18 00:55:00
273,18,2006-12-17 23:43:00,2006-12-18 21:49:00,2006-12-20 23:41:00,2006-12-28 20:39:00,-51,ICME,,,,2006-12-18 08:49:00,2006-12-23 23:41:00
274,0,2007-01-28 20:59:00,2007-01-29 14:06:00,2007-01-29 22:07:00,2007-02-04 02:17:00,-54,,HSS,,,2007-01-29 01:06:00,2007-02-01 22:07:00
275,1,2007-03-22 18:14:00,2007-03-23 13:34:00,2007-03-24 08:51:00,2007-03-24 22:50:00,-79,,HSS,,,2007-03-23 00:34:00,2007-03-24 22:50:00
276,2,2007-03-31 18:20:00,2007-04-01 01:34:00,2007-04-01 08:39:00,2007-04-05 10:39:00,-71,,HSS,,,2007-03-31 18:20:00,2007-04-04 08:39:00
277,3,2007-05-22 05:10:00,2007-05-22 18:45:00,2007-05-23 21:23:00,2007-05-30 15:30:00,-71,,HSS,,,2007-05-22 05:45:00,2007-05-26 21:23:00
278,4,2007-07-13 19:07:00,2007-07-13 23:33:00,2007-07-15 02:21:00,2007-07-18 12:11:00,-57,,HSS,,,2007-07-13 19:07:00,2007-07-18 02:21:00
279,5,2007-10-25 05:50:00,2007-10-25 13:33:00,2007-10-25 20:45:00,2007-10-29 05:25:00,-60,,HSS,,,2007-10-25 05:50:00,2007-10-28 20:45:00
280,6,2007-11-19 11:10:00,2007-11-20 10:33:00,2007-11-20 20:24:00,2007-11-22 13:38:00,-67,ICME,,,,2007-11-19 21:33:00,2007-11-22 13:38:00
281,0,2008-01-31 09:07:00,2008-01-31 18:17:00,2008-02-01 23:34:00,2008-02-06 12:46:00,-50,,HSS,,,2008-01-31 09:07:00,2008-02-04 23:34:00
282,1,2008-03-08 00:28:00,2008-03-08 17:17:00,2008-03-09 05:40:00,2008-03-16 07:51:00,-100,ICME,HSS,complex,,2008-03-08 04:17:00,2008-03-12 05:40:00
283,2,2008-03-25 20:51:00,2008-03-26 11:36:00,2008-03-27 22:18:00,2008-04-01 17:47:00,-50,,HSS,,,2008-03-25 22:36:00,2008-03-30 22:18:00
284,3,2008-09-03 02:50:00,2008-09-03 01:05:00,2008-09-04 03:58:00,2008-09-06 09:33:00,-67,,HSS,,,2008-09-03 02:50:00,2008-09-06 09:33:00
285,4,2008-10-10 22:27:00,2008-10-11 08:18:00,2008-10-11 11:29:00,2008-10-15 20:04:00,-65,,HSS,,,2008-10-10 22:27:00,2008-10-14 11:29:00
286,0,2009-07-21 16:52:00,2009-07-22 00:32:00,2009-07-22 05:55:00,2009-07-27 03:33:00,-95,,HSS,,,2009-07-21 16:52:00,2009-07-25 05:55:00
287,1,2009-08-05 23:14:00,2009-08-06 04:25:00,2009-08-06 06:49:00,2009-08-07 11:47:00,-53,,HSS,,,2009-08-05 23:14:00,2009-08-07 11:47:00
288,2,2009-10-21 21:15:00,2009-10-22 01:26:00,2009-10-23 01:00:00,2009-10-24 15:59:00,-56,ICME,,,,2009-10-21 21:15:00,2009-10-24 15:59:00
289,0,2010-02-15 17:04:00,2010-02-15 18:42:00,2010-02-16 00:08:00,2010-02-18 07:23:00,-64,ICME,,,,2010-02-15 17:04:00,2010-02-18 07:23:00
290,1,2010-04-05 02:52:00,2010-04-05 08:55:00,2010-04-06 07:40:00,2010-04-11 13:07:00,-90,ICME,,,,2010-04-05 02:52:00,2010-04-09 07:40:00
291,2,2010-04-11 11:58:00,2010-04-11 13:08:00,2010-04-12 02:03:00,2010-04-12 16:14:00,-81,ICME,,,,2010-04-11 11:58:00,2010-04-12 16:14:00
292,3,2010-05-01 13:37:00,2010-05-02 11:51:00,2010-05-02 20:16:00,2010-05-10 11:40:00,-77,,HSS,,,2010-05-01 22:51:00,2010-05-05 20:16:00
293,4,2010-05-28 01:42:00,2010-05-28 22:14:00,2010-05-29 12:35:00,2010-06-03 17:00:00,-73,ICME,,,,2010-05-28 09:14:00,2010-06-01 12:35:00
294,5,2010-06-03 12:04:00,2010-06-03 22:41:00,2010-06-04 01:00:00,2010-06-05 16:05:00,-58,,HSS,,,2010-06-03 12:04:00,2010-06-05 16:05:00
295,6,2010-08-03 16:47:00,2010-08-03 20:23:00,2010-08-04 01:10:00,2010-08-04 10:20:00,-81,ICME,,,,2010-08-03 16:47:00,2010-08-04 10:20:00
296,7,2010-10-11 01:37:00,2010-10-11 10:12:00,2010-10-11 18:58:00,2010-10-14 13:25:00,-76,,HSS,,,2010-10-11 01:37:00,2010-10-14 13:25:00
297,8,2010-11-10 17:47:00,2010-11-11 02:01:00,2010-11-11 22:56:00,2010-11-16 22:23:00,-55,,HSS,,,2010-11-10 17:47:00,2010-11-14 22:56:00
298,0,2011-02-04 01:42:00,2011-02-04 19:09:00,2011-02-04 21:24:00,2011-02-08 01:57:00,-67,,HSS,,,2011-02-04 06:09:00,2011-02-07 21:24:00
299,1,2011-02-28 20:07:00,2011-03-01 10:25:00,2011-03-01 14:22:00,2011-03-06 03:33:00,-71,,HSS,,,2011-02-28 21:25:00,2011-03-04 14:22:00
300,2,2011-03-10 08:02:00,2011-03-10 15:26:00,2011-03-11 05:28:00,2011-03-15 21:45:00,-92,,HSS,,,2011-03-10 08:02:00,2011-03-14 05:28:00
301,3,2011-04-06 00:38:00,2011-04-06 10:54:00,2011-04-06 19:03:00,2011-04-08 13:35:00,-65,,HSS,,,2011-04-06 00:38:00,2011-04-08 13:35:00
302,4,2011-04-11 01:06:00,2011-04-12 05:36:00,2011-04-12 09:04:00,2011-04-15 11:14:00,-57,,HSS,,,2011-04-11 16:36:00,2011-04-15 09:04:00
303,5,2011-04-29 06:36:00,2011-04-30 00:06:00,2011-05-02 06:34:00,2011-05-07 03:14:00,-55,,HSS,,,2011-04-29 11:06:00,2011-05-05 06:34:00
304,6,2011-05-26 19:39:00,2011-05-27 16:55:00,2011-05-28 11:11:00,2011-06-04 11:43:00,-94,,HSS,,,2011-05-27 03:55:00,2011-05-31 11:11:00
305,7,2011-06-04 19:37:00,2011-06-04 23:22:00,2011-06-05 05:19:00,2011-06-05 08:09:00,-60,ICME,,,,2011-06-04 19:37:00,2011-06-05 08:09:00
306,8,2011-06-30 18:55:00,2011-07-01 01:03:00,2011-07-01 07:22:00,2011-07-02 11:30:00,-59,,HSS,,,2011-06-30 18:55:00,2011-07-02 11:30:00
307,9,2011-08-05 09:58:00,2011-08-05 21:13:00,2011-08-06 03:27:00,2011-08-11 21:00:00,-126,ICME,,,,2011-08-05 09:58:00,2011-08-09 03:27:00
308,10,2011-09-09 10:14:00,2011-09-09 15:37:00,2011-09-10 04:59:00,2011-09-10 14:59:00,-77,ICME,,,,2011-09-09 10:14:00,2011-09-10 14:59:00
309,11,2011-09-16 23:41:00,2011-09-17 09:03:00,2011-09-17 18:29:00,2011-09-23 04:11:00,-63,ICME,,,,2011-09-16 23:41:00,2011-09-20 18:29:00
310,12,2011-09-26 09:52:00,2011-09-26 15:32:00,2011-09-26 21:19:00,2011-09-27 21:05:00,-116,ICME,,,,2011-09-26 09:52:00,2011-09-27 21:05:00
311,13,2011-10-24 16:10:00,2011-10-24 22:23:00,2011-10-25 01:15:00,2011-10-29 22:48:00,-160,ICME,,,,2011-10-24 16:10:00,2011-10-28 01:15:00
312,14,2011-10-29 21:09:00,2011-10-30 12:04:00,2011-11-01 15:14:00,2011-11-06 08:10:00,-63,ICME,HSS,complex,,2011-10-29 23:04:00,2011-11-04 15:14:00
313,0,2012-01-22 04:53:00,2012-01-22 09:51:00,2012-01-23 03:49:00,2012-01-24 15:05:00,-88,ICME,,,,2012-01-22 04:53:00,2012-01-24 15:05:00
314,1,2012-02-18 13:28:00,2012-02-18 22:47:00,2012-02-19 03:56:00,2012-02-22 02:15:00,-76,ICME,,,,2012-02-18 13:28:00,2012-02-22 02:15:00
315,2,2012-02-26 17:15:00,2012-02-27 13:27:00,2012-02-27 19:18:00,2012-02-29 23:59:00,-62,ICME,,,,2012-02-27 00:27:00,2012-02-29 23:59:00
316,3,2012-03-08 07:09:00,2012-03-08 13:37:00,2012-03-09 08:15:00,2012-03-12 09:15:00,-150,ICME,,,,2012-03-08 07:09:00,2012-03-12 08:15:00
317,4,2012-03-14 22:50:00,2012-03-15 14:10:00,2012-03-15 19:53:00,2012-03-20 17:59:00,-79,ICME,,,,2012-03-15 01:10:00,2012-03-18 19:53:00
318,5,2012-03-27 04:08:00,2012-03-27 10:42:00,2012-03-28 04:46:00,2012-03-29 07:05:00,-68,,HSS,,,2012-03-27 04:08:00,2012-03-29 07:05:00
319,6,2012-04-04 03:44:00,2012-04-04 15:08:00,2012-04-05 07:56:00,2012-04-06 15:54:00,-70,,HSS,,,2012-04-04 03:44:00,2012-04-06 15:54:00
320,7,2012-04-11 16:42:00,2012-04-12 05:06:00,2012-04-13 05:05:00,2012-04-15 08:09:00,-56,,HSS,,,2012-04-11 16:42:00,2012-04-15 08:09:00
321,8,2012-04-22 20:18:00,2012-04-23 18:29:00,2012-04-24 03:30:00,2012-04-27 22:22:00,-125,ICME,HSS,complex,,2012-04-23 05:29:00,2012-04-27 03:30:00
322,9,2012-05-08 08:57:00,2012-05-08 22:06:00,2012-05-09 09:35:00,2012-05-12 17:02:00,-56,,HSS,,,2012-05-08 09:06:00,2012-05-12 09:35:00
323,10,2012-05-16 13:11:00,2012-05-16 16:50:00,2012-05-16 23:11:00,2012-05-17 15:45:00,-50,,HSS,,,2012-05-16 13:11:00,2012-05-17 15:45:00
324,11,2012-05-21 19:04:00,2012-05-22 03:52:00,2012-05-23 04:46:00,2012-05-27 16:06:00,-64,ICME,HSS,complex,,2012-05-21 19:04:00,2012-05-26 04:46:00
325,12,2012-06-16 13:07:00,2012-06-17 07:45:00,2012-06-17 13:42:00,2012-06-21 11:30:00,-69,ICME,,,,2012-06-16 18:45:00,2012-06-20 13:42:00
326,13,2012-07-08 16:16:00,2012-07-09 00:07:00,2012-07-09 21:50:00,2012-07-11 18:12:00,-79,ICME,,,,2012-07-08 16:16:00,2012-07-11 18:12:00
327,14,2012-07-14 11:19:00,2012-07-15 02:51:00,2012-07-15 10:04:00,2012-07-18 17:15:00,-123,ICME,,,,2012-07-14 13:51:00,2012-07-18 10:04:00
328,15,2012-09-30 04:52:00,2012-09-30 14:06:00,2012-10-01 04:03:00,2012-10-03 19:45:00,-138,ICME,,,,2012-09-30 04:52:00,2012-10-03 19:45:00
329,16,2012-10-07 05:14:00,2012-10-07 18:32:00,2012-10-09 02:13:00,2012-10-12 00:11:00,-116,ICME,HSS,complex,,2012-10-07 05:32:00,2012-10-12 00:11:00
330,17,2012-10-11 21:27:00,2012-10-12 00:12:00,2012-10-13 08:01:00,2012-10-16 17:49:00,-106,ICME,HSS,complex,,2012-10-11 21:27:00,2012-10-16 08:01:00
331,18,2012-10-31 11:48:00,2012-11-01 04:39:00,2012-11-01 20:01:00,2012-11-05 03:17:00,-68,ICME,,,bz fluctiations,2012-10-31 15:39:00,2012-11-04 20:01:00
332,19,2012-11-12 14:15:00,2012-11-12 21:33:00,2012-11-14 07:27:00,2012-11-17 06:44:00,-118,ICME,,,,2012-11-12 14:15:00,2012-11-17 06:44:00
333,0,2013-01-17 06:52:00,2013-01-17 15:10:00,2013-01-17 18:19:00,2013-01-18 12:47:00,-58,,HSS,,,2013-01-17 06:52:00,2013-01-18 12:47:00
334,1,2013-01-25 08:23:00,2013-01-25 23:42:00,2013-01-26 22:19:00,2013-01-31 06:02:00,-62,,HSS,,,2013-01-25 10:42:00,2013-01-29 22:19:00
335,2,2013-03-01 00:24:00,2013-03-01 08:27:00,2013-03-01 10:12:00,2013-03-05 20:54:00,-76,,HSS,,,2013-03-01 00:24:00,2013-03-04 10:12:00
336,3,2013-03-17 01:04:00,2013-03-17 07:16:00,2013-03-17 20:28:00,2013-03-20 17:45:00,-132,ICME,,,,2013-03-17 01:04:00,2013-03-20 17:45:00
337,4,2013-03-28 03:08:00,2013-03-29 03:28:00,2013-03-30 04:08:00,2013-04-03 12:18:00,-66,,HSS,,,2013-03-28 14:28:00,2013-04-02 04:08:00
338,5,2013-04-23 08:59:00,2013-04-23 23:49:00,2013-04-24 18:11:00,2013-04-27 23:04:00,-52,,HSS,,,2013-04-23 10:49:00,2013-04-27 18:11:00
339,6,2013-04-30 08:16:00,2013-04-30 22:56:00,2013-05-01 19:15:00,2013-05-05 15:45:00,-67,ICME,,,,2013-04-30 09:56:00,2013-05-04 19:15:00
340,7,2013-05-24 16:34:00,2013-05-24 19:09:00,2013-05-25 05:46:00,2013-05-25 09:53:00,-65,ICME,,,,2013-05-24 16:34:00,2013-05-25 09:53:00
341,8,2013-05-31 11:54:00,2013-06-01 01:55:00,2013-06-01 07:49:00,2013-06-04 23:13:00,-137,ICME,,,,2013-05-31 12:55:00,2013-06-04 07:49:00
342,9,2013-06-06 12:21:00,2013-06-06 15:50:00,2013-06-07 02:41:00,2013-06-08 07:02:00,-88,,HSS,,,2013-06-06 12:21:00,2013-06-08 07:02:00
343,10,2013-06-27 13:24:00,2013-06-28 04:10:00,2013-06-29 06:37:00,2013-07-03 21:48:00,-111,ICME,,,,2013-06-27 15:10:00,2013-07-02 06:37:00
344,11,2013-07-05 10:19:00,2013-07-05 21:14:00,2013-07-06 08:39:00,2013-07-08 18:45:00,-80,ICME,,,,2013-07-05 10:19:00,2013-07-08 18:45:00
345,12,2013-07-12 06:57:00,2013-07-13 17:15:00,2013-07-15 00:05:00,2013-07-17 06:59:00,-77,ICME,,,,2013-07-13 04:15:00,2013-07-17 06:59:00
346,13,2013-08-02 22:33:00,2013-08-04 16:11:00,2013-08-05 02:21:00,2013-08-08 20:52:00,-56,,HSS,,,2013-08-04 03:11:00,2013-08-08 02:21:00
347,14,2013-08-13 04:36:00,2013-08-13 21:09:00,2013-08-16 04:29:00,2013-08-20 11:14:00,-54,ICME,HSS,complex,,2013-08-13 08:09:00,2013-08-19 04:29:00
348,15,2013-08-27 11:12:00,2013-08-27 17:04:00,2013-08-27 21:48:00,2013-08-30 06:08:00,-64,,HSS,,,2013-08-27 11:12:00,2013-08-30 06:08:00
349,16,2013-10-01 21:49:00,2013-10-02 03:08:00,2013-10-02 06:19:00,2013-10-06 07:46:00,-90,ICME,,,,2013-10-01 21:49:00,2013-10-05 06:19:00
350,17,2013-10-08 15:00:00,2013-10-08 22:00:00,2013-10-09 00:42:00,2013-10-09 21:10:00,-77,ICME,,,,2013-10-08 15:00:00,2013-10-09 21:10:00
351,18,2013-10-14 03:31:00,2013-10-14 09:24:00,2013-10-15 03:24:00,2013-10-18 19:58:00,-52,,HSS,,,2013-10-14 03:31:00,2013-10-18 03:24:00
352,19,2013-10-29 13:29:00,2013-10-30 06:58:00,2013-10-30 23:21:00,2013-10-31 14:38:00,-57,,HSS,,,2013-10-29 17:58:00,2013-10-31 14:38:00
353,20,2013-11-08 17:06:00,2013-11-09 03:17:00,2013-11-09 08:14:00,2013-11-12 20:18:00,-79,,HSS,,,2013-11-08 17:06:00,2013-11-12 08:14:00
354,21,2013-12-07 19:39:00,2013-12-08 03:07:00,2013-12-08 08:30:00,2013-12-11 03:28:00,-72,ICME,HSS,complex,,2013-12-07 19:39:00,2013-12-11 03:28:00
355,0,2014-02-18 04:27:00,2014-02-18 13:25:00,2014-02-19 08:24:00,2014-02-23 07:03:00,-127,ICME,,,,2014-02-18 04:27:00,2014-02-22 08:24:00
356,1,2014-02-27 14:04:00,2014-02-27 17:09:00,2014-02-27 23:24:00,2014-03-02 22:38:00,-101,ICME,,,,2014-02-27 14:04:00,2014-03-02 22:38:00
357,2,2014-04-10 17:52:00,2014-04-11 14:04:00,2014-04-12 08:32:00,2014-04-15 16:31:00,-92,ICME,HSS,complex,,2014-04-11 01:04:00,2014-04-15 08:32:00
358,3,2014-04-29 11:58:00,2014-04-29 23:54:00,2014-04-30 09:10:00,2014-05-02 23:15:00,-76,ICME,HSS,complex,,2014-04-29 11:58:00,2014-05-02 23:15:00
359,4,2014-05-07 08:32:00,2014-05-07 23:00:00,2014-05-08 08:50:00,2014-05-10 02:54:00,-62,ICME,,,,2014-05-07 10:00:00,2014-05-10 02:54:00
360,5,2014-08-25 11:36:00,2014-08-27 03:53:00,2014-08-27 18:18:00,2014-09-01 21:07:00,-90,,HSS,,,2014-08-26 14:53:00,2014-08-30 18:18:00
361,6,2014-09-12 10:01:00,2014-09-12 21:37:00,2014-09-12 23:03:00,2014-09-15 16:49:00,-97,ICME,,,,2014-09-12 10:01:00,2014-09-15 16:49:00
362,7,2014-10-07 21:18:00,2014-10-08 10:51:00,2014-10-09 07:19:00,2014-10-11 18:00:00,-50,,HSS,,,2014-10-07 21:51:00,2014-10-11 18:00:00
363,8,2014-10-14 02:34:00,2014-10-14 15:35:00,2014-10-14 18:41:00,2014-10-18 12:11:00,-52,,HSS,,,2014-10-14 02:35:00,2014-10-17 18:41:00
364,9,2014-10-19 14:51:00,2014-10-20 01:17:00,2014-10-20 17:11:00,2014-10-23 21:42:00,-57,,HSS,,,2014-10-19 14:51:00,2014-10-23 17:11:00
365,10,2014-10-27 12:36:00,2014-10-27 20:44:00,2014-10-28 01:52:00,2014-10-30 22:34:00,-58,,HSS,,,2014-10-27 12:36:00,2014-10-30 22:34:00
366,0,2015-01-06 21:29:00,2015-01-07 08:07:00,2015-01-07 11:02:00,2015-01-10 15:50:00,-135,ICME,,,,2015-01-06 21:29:00,2015-01-10 11:02:00
367,1,2015-01-25 18:42:00,2015-01-25 23:36:00,2015-01-26 10:30:00,2015-01-27 18:10:00,-54,,HSS,,,2015-01-25 18:42:00,2015-01-27 18:10:00
368,2,2015-02-01 13:40:00,2015-02-01 20:39:00,2015-02-02 06:35:00,2015-02-04 23:27:00,-52,,HSS,,,2015-02-01 13:40:00,2015-02-04 23:27:00
369,3,2015-02-16 15:37:00,2015-02-16 22:24:00,2015-02-17 23:59:00,2015-02-21 21:53:00,-70,,HSS,,,2015-02-16 15:37:00,2015-02-20 23:59:00
370,4,2015-02-22 19:09:00,2015-02-23 04:45:00,2015-02-24 03:36:00,2015-02-26 21:49:00,-76,,HSS,,,2015-02-22 19:09:00,2015-02-26 21:49:00
371,5,2015-02-27 08:55:00,2015-02-27 10:55:00,2015-03-02 08:53:00,2015-03-04 07:23:00,-70,ICME,HSS,complex,,2015-02-27 08:55:00,2015-03-04 07:23:00
372,6,2015-03-17 00:57:00,2015-03-17 06:56:00,2015-03-17 22:47:00,2015-03-20 17:42:00,-234,ICME,,,,2015-03-17 00:57:00,2015-03-20 17:42:00
373,7,2015-04-09 17:38:00,2015-04-09 23:53:00,2015-04-11 09:36:00,2015-04-13 05:29:00,-89,ICME,HSS,complex,,2015-04-09 17:38:00,2015-04-13 05:29:00
374,8,2015-04-13 23:33:00,2015-04-14 10:09:00,2015-04-16 23:29:00,2015-04-20 10:18:00,-88,,HSS,,,2015-04-13 23:33:00,2015-04-19 23:29:00
375,9,2015-05-18 01:06:00,2015-05-18 11:59:00,2015-05-19 03:05:00,2015-05-22 11:43:00,-64,ICME,,,,2015-05-18 01:06:00,2015-05-22 03:05:00
376,10,2015-06-07 07:54:00,2015-06-08 05:42:00,2015-06-08 07:45:00,2015-06-12 13:09:00,-105,,HSS,,,2015-06-07 16:42:00,2015-06-11 07:45:00
377,11,2015-06-22 02:46:00,2015-06-22 19:17:00,2015-06-23 04:24:00,2015-06-25 05:38:00,-208,ICME,,,,2015-06-22 06:17:00,2015-06-25 05:38:00
378,12,2015-06-25 22:39:00,2015-06-27 03:18:00,2015-06-28 06:22:00,2015-07-03 17:48:00,-63,ICME,HSS,complex,,2015-06-26 14:18:00,2015-07-01 06:22:00
379,13,2015-07-04 09:50:00,2015-07-04 20:52:00,2015-07-05 04:52:00,2015-07-08 09:53:00,-87,ICME,,,,2015-07-04 09:50:00,2015-07-08 04:52:00
380,14,2015-07-12 20:18:00,2015-07-13 01:39:00,2015-07-13 10:54:00,2015-07-19 11:08:00,-71,ICME,,,,2015-07-12 20:18:00,2015-07-16 10:54:00
381,15,2015-07-22 02:54:00,2015-07-22 19:23:00,2015-07-23 07:36:00,2015-07-30 06:15:00,-83,,HSS,,,2015-07-22 06:23:00,2015-07-26 07:36:00
382,16,2015-07-30 09:01:00,2015-07-30 18:00:00,2015-07-31 02:59:00,2015-07-31 14:17:00,-52,,HSS,,,2015-07-30 09:01:00,2015-07-31 14:17:00
383,17,2015-08-15 05:40:00,2015-08-15 18:57:00,2015-08-16 07:37:00,2015-08-18 21:19:00,-94,ICME,,,,2015-08-15 05:57:00,2015-08-18 21:19:00
384,18,2015-09-20 00:22:00,2015-09-20 06:20:00,2015-09-20 11:07:00,2015-09-22 00:27:00,-84,ICME,,,,2015-09-20 00:22:00,2015-09-22 00:27:00
385,19,2015-10-06 04:04:00,2015-10-06 09:31:00,2015-10-07 22:23:00,2015-10-11 09:47:00,-124,,HSS,,,2015-10-06 04:04:00,2015-10-10 22:23:00
386,20,2015-10-12 13:55:00,2015-10-13 11:23:00,2015-10-14 06:14:00,2015-10-16 23:59:00,-52,,HSS,,,2015-10-12 22:23:00,2015-10-16 23:59:00
387,21,2015-11-06 07:51:00,2015-11-06 20:09:00,2015-11-07 06:07:00,2015-11-09 11:19:00,-106,ICME,,,,2015-11-06 07:51:00,2015-11-09 11:19:00
388,22,2015-12-14 11:09:00,2015-12-14 16:23:00,2015-12-14 19:05:00,2015-12-16 22:30:00,-60,ICME,HSS,complex,,2015-12-14 11:09:00,2015-12-16 22:30:00
389,23,2015-12-19 07:43:00,2015-12-20 04:27:00,2015-12-20 22:52:00,2015-12-24 10:12:00,-170,ICME,,,,2015-12-19 15:27:00,2015-12-23 22:52:00
390,1,2016-01-18 18:54:00,2016-01-20 05:38:00,2016-01-20 17:05:00,2016-01-24 16:19:00,-95,,HSS,,,2016-01-19 16:38:00,2016-01-23 17:05:00
391,2,2016-02-02 05:52:00,2016-02-02 18:08:00,2016-02-03 02:52:00,2016-02-04 02:50:00,-60,,HSS,,,2016-02-02 05:52:00,2016-02-04 02:50:00
392,3,2016-02-16 02:40:00,2016-02-16 08:47:00,2016-02-18 00:28:00,2016-02-22 05:27:00,-60,,HSS,,,2016-02-16 02:40:00,2016-02-21 00:28:00
393,4,2016-03-05 22:53:00,2016-03-06 16:17:00,2016-03-06 21:21:00,2016-03-11 10:38:00,-110,,HSS,,,2016-03-06 03:17:00,2016-03-09 21:21:00
394,5,2016-03-13 23:48:00,2016-03-14 21:20:00,2016-03-16 23:46:00,2016-03-22 02:41:00,-69,ICME,HSS,complex,,2016-03-14 08:20:00,2016-03-19 23:46:00
395,6,2016-04-02 09:08:00,2016-04-02 16:20:00,2016-04-02 22:49:00,2016-04-05 17:57:00,-66,ICME,,,,2016-04-02 09:08:00,2016-04-05 17:57:00
396,7,2016-04-07 05:20:00,2016-04-07 18:40:00,2016-04-08 00:36:00,2016-04-10 10:32:00,-67,,HSS,,,2016-04-07 05:40:00,2016-04-10 10:32:00
397,8,2016-04-12 13:42:00,2016-04-12 21:27:00,2016-04-13 01:09:00,2016-04-15 15:03:00,-70,,HSS,,,2016-04-12 13:42:00,2016-04-15 15:03:00
398,9,2016-04-30 21:36:00,2016-05-01 18:37:00,2016-05-02 03:21:00,2016-05-05 02:52:00,-56,,HSS,,,2016-05-01 05:37:00,2016-05-05 02:52:00
399,10,2016-05-07 14:41:00,2016-05-08 01:37:00,2016-05-08 08:16:00,2016-05-11 17:23:00,-105,,HSS,,,2016-05-07 14:41:00,2016-05-11 08:16:00
400,11,2016-06-04 19:45:00,2016-06-05 14:26:00,2016-06-06 08:05:00,2016-06-08 17:54:00,-55,,HSS,,,2016-06-05 01:26:00,2016-06-08 17:54:00
401,12,2016-07-24 08:24:00,2016-07-24 16:40:00,2016-07-25 17:17:00,2016-07-27 14:17:00,-51,ICME,,,,2016-07-24 08:24:00,2016-07-27 14:17:00
402,13,2016-08-02 03:18:00,2016-08-02 21:57:00,2016-08-03 06:50:00,2016-08-07 17:14:00,-63,,HSS,,,2016-08-02 08:57:00,2016-08-06 06:50:00
403,14,2016-08-23 00:22:00,2016-08-23 12:13:00,2016-08-23 21:13:00,2016-08-28 20:26:00,-83,,HSS,,,2016-08-23 00:22:00,2016-08-26 21:13:00
404,15,2016-08-30 04:45:00,2016-08-31 10:16:00,2016-09-02 01:53:00,2016-09-07 14:34:00,-74,,HSS,,,2016-08-30 21:16:00,2016-09-05 01:53:00
405,16,2016-09-26 21:20:00,2016-09-27 21:44:00,2016-09-29 09:32:00,2016-10-02 16:20:00,-64,,HSS,,,2016-09-27 08:44:00,2016-10-02 09:32:00
406,17,2016-10-02 17:26:00,2016-10-03 17:34:00,2016-10-04 10:10:00,2016-10-06 21:45:00,-50,,HSS,,,2016-10-03 04:34:00,2016-10-06 21:45:00
407,18,2016-10-12 09:57:00,2016-10-13 06:17:00,2016-10-13 23:54:00,2016-10-15 19:03:00,-114,ICME,,,,2016-10-12 17:17:00,2016-10-15 19:03:00
408,19,2016-10-24 06:38:00,2016-10-24 19:03:00,2016-10-25 22:57:00,2016-10-28 17:47:00,-81,,HSS,,,2016-10-24 06:38:00,2016-10-28 17:47:00
409,20,2016-11-02 03:28:00,2016-11-02 10:52:00,2016-11-03 08:51:00,2016-11-05 22:28:00,-52,,HSS,,,2016-11-02 03:28:00,2016-11-05 22:28:00
410,21,2016-11-09 05:14:00,2016-11-09 10:07:00,2016-11-10 15:24:00,2016-11-11 21:06:00,-55,ICME,,,,2016-11-09 05:14:00,2016-11-11 21:06:00
411,22,2016-11-23 04:28:00,2016-11-23 22:59:00,2016-11-25 06:40:00,2016-11-28 18:48:00,-53,,HSS,,,2016-11-23 09:59:00,2016-11-28 06:40:00
412,23,2016-12-20 21:10:00,2016-12-21 09:59:00,2016-12-23 21:07:00,2016-12-29 00:11:00,-55,,HSS,,,2016-12-20 21:10:00,2016-12-26 21:07:00
413,1,2017-02-28 07:07:00,2017-03-01 09:42:00,2017-03-01 22:20:00,2017-03-08 17:58:00,-74,,HSS,,,2017-02-28 20:42:00,2017-03-04 22:20:00
414,2,2017-03-26 18:30:00,2017-03-27 03:15:00,2017-03-27 14:45:00,2017-04-03 06:32:00,-86,,HSS,,,2017-03-26 18:30:00,2017-03-30 14:45:00
415,3,2017-04-04 01:24:00,2017-04-04 05:13:00,2017-04-04 07:06:00,2017-04-04 23:37:00,-50,ICME,,,,2017-04-04 01:24:00,2017-04-04 23:37:00
416,4,2017-04-21 08:57:00,2017-04-21 18:24:00,2017-04-23 00:00:00,2017-04-28 14:45:00,-53,ICME,HSS,complex,,2017-04-21 08:57:00,2017-04-26 00:00:00
417,5,2017-05-27 15:34:00,2017-05-27 23:01:00,2017-05-28 07:16:00,2017-05-29 09:35:00,-142,ICME,,,,2017-05-27 15:34:00,2017-05-29 09:35:00
418,6,2017-07-16 04:05:00,2017-07-16 07:58:00,2017-07-16 15:51:00,2017-07-20 01:43:00,-67,ICME,HSS,complex,,2017-07-16 04:05:00,2017-07-19 15:51:00
419,7,2017-08-22 14:54:00,2017-08-22 19:36:00,2017-08-23 12:35:00,2017-08-25 11:41:00,-52,,HSS,,,2017-08-22 14:54:00,2017-08-25 11:41:00
420,8,2017-08-31 01:51:00,2017-08-31 08:32:00,2017-08-31 11:49:00,2017-09-01 04:21:00,-64,ICME,,,,2017-08-31 01:51:00,2017-09-01 04:21:00
421,9,2017-09-07 07:13:00,2017-09-07 23:05:00,2017-09-08 01:10:00,2017-09-12 00:34:00,-146,ICME,,,,2017-09-07 10:05:00,2017-09-11 01:10:00
422,10,2017-09-26 22:56:00,2017-09-27 07:40:00,2017-09-28 05:58:00,2017-10-02 02:14:00,-74,,HSS,,,2017-09-26 22:56:00,2017-10-01 05:58:00
423,11,2017-10-11 05:38:00,2017-10-11 13:46:00,2017-10-14 05:36:00,2017-10-21 06:12:00,-68,,HSS,,,2017-10-11 05:38:00,2017-10-17 05:36:00
424,12,2017-11-06 21:37:00,2017-11-07 07:21:00,2017-11-08 04:04:00,2017-11-15 15:38:00,-89,,HSS,,,2017-11-06 21:37:00,2017-11-11 04:04:00
425,13,2017-11-20 11:13:00,2017-11-20 23:19:00,2017-11-21 07:00:00,2017-11-24 14:39:00,-60,,HSS,,,2017-11-20 11:13:00,2017-11-24 07:00:00
426,0,2018-02-26 17:48:00,2018-02-27 00:54:00,2018-02-27 13:03:00,2018-03-03 07:49:00,-60,,HSS,,,2018-02-26 17:48:00,2018-03-02 13:03:00
427,1,2018-03-17 11:13:00,2018-03-17 19:49:00,2018-03-18 21:42:00,2018-03-22 11:19:00,-53,,HSS,,,2018-03-17 11:13:00,2018-03-21 21:42:00
428,2,2018-04-19 19:49:00,2018-04-20 04:11:00,2018-04-20 09:36:00,2018-04-24 18:36:00,-86,,HSS,,,2018-04-19 19:49:00,2018-04-23 09:36:00
429,3,2018-05-05 05:24:00,2018-05-05 14:51:00,2018-05-06 02:33:00,2018-05-10 07:50:00,-66,,HSS,,,2018-05-05 05:24:00,2018-05-09 02:33:00
430,4,2018-08-24 21:53:00,2018-08-25 17:40:00,2018-08-26 07:11:00,2018-08-29 13:41:00,-206,ICME,,,,2018-08-25 04:40:00,2018-08-29 07:11:00
431,5,2018-09-09 23:03:00,2018-09-10 12:06:00,2018-09-11 10:10:00,2018-09-14 16:34:00,-64,,HSS,,,2018-09-09 23:06:00,2018-09-14 10:10:00
432,6,2018-10-07 01:52:00,2018-10-07 12:14:00,2018-10-07 21:53:00,2018-10-11 15:00:00,-56,,HSS,,,2018-10-07 01:52:00,2018-10-10 21:53:00
433,7,2018-11-03 23:38:00,2018-11-04 13:06:00,2018-11-05 06:02:00,2018-11-07 19:33:00,-66,,HSS,,,2018-11-04 00:06:00,2018-11-07 19:33:00
434,0,2019-05-13 20:53:00,2019-05-14 03:23:00,2019-05-14 07:54:00,2019-05-15 06:44:00,-80,ICME,HSS,complex,,2019-05-13 20:53:00,2019-05-15 06:44:00
435,1,2019-08-04 22:07:00,2019-08-05 05:08:00,2019-08-05 11:46:00,2019-08-08 05:34:00,-64,,HSS,,,2019-08-04 22:07:00,2019-08-08 05:34:00
436,2,2019-08-29 08:25:00,2019-08-30 22:09:00,2019-09-01 06:27:00,2019-09-04 20:57:00,-63,,HSS,,,2019-08-30 09:09:00,2019-09-04 06:27:00
437,3,2019-09-27 04:35:00,2019-09-27 12:58:00,2019-09-27 23:08:00,2019-09-30 16:42:00,-61,,HSS,,,2019-09-27 04:35:00,2019-09-30 16:42:00
438,4,2019-10-24 02:06:00,2019-10-24 11:34:00,2019-10-25 08:17:00,2019-10-30 06:02:00,-55,ICME,,,,2019-10-24 02:06:00,2019-10-28 08:17:00
439,0,2020-04-20 02:14:00,2020-04-20 08:50:00,2020-04-20 12:53:00,2020-04-21 03:46:00,-68,ICME,,,,2020-04-20 02:14:00,2020-04-21 03:46:00
440,1,2020-07-23 22:23:00,2020-07-24 04:56:00,2020-07-25 01:27:00,2020-07-25 22:46:00,-67,,HSS,,,2020-07-23 22:23:00,2020-07-25 22:46:00
441,2,2020-08-28 05:55:00,2020-08-28 19:55:00,2020-08-31 00:56:00,2020-08-31 11:22:00,-60,,HSS,,,2020-08-28 06:55:00,2020-08-31 11:22:00
442,3,2020-09-26 10:01:00,2020-09-27 12:39:00,2020-09-27 21:26:00,2020-10-05 08:11:00,-68,ICME,HSS,,,2020-09-26 23:39:00,2020-09-30 21:26:00
443,4,2020-10-23 05:02:00,2020-10-23 20:31:00,2020-10-24 04:58:00,2020-10-27 21:31:00,-50,,HSS,,,2020-10-23 07:31:00,2020-10-27 04:58:00
444,0,2021-01-11 02:42:00,2021-01-11 14:24:00,2021-01-11 22:55:00,2021-01-14 17:07:00,-54,,HSS,,,2021-01-11 02:42:00,2021-01-14 17:07:00
445,1,2021-02-28 19:46:00,2021-03-01 01:31:00,2021-03-01 06:03:00,2021-03-02 16:59:00,-80,,HSS,,,2021-02-28 19:46:00,2021-03-02 16:59:00
446,2,2021-03-19 22:05:00,2021-03-20 06:43:00,2021-03-20 09:09:00,2021-03-24 19:43:00,-60,,HSS,,,2021-03-19 22:05:00,2021-03-23 09:09:00
447,3,2021-04-15 14:24:00,2021-04-16 03:24:00,2021-04-17 05:22:00,2021-04-22 19:14:00,-61,,HSS,,,2021-04-15 14:24:00,2021-04-20 05:22:00
448,4,2021-04-23 12:11:00,2021-04-23 20:04:00,2021-04-26 06:01:00,2021-04-29 00:31:00,-58,ICME,HSS,complex,,2021-04-23 12:11:00,2021-04-29 00:31:00
449,5,2021-05-12 05:54:00,2021-05-12 12:20:00,2021-05-12 14:50:00,2021-05-15 05:35:00,-59,ICME,,,,2021-05-12 05:54:00,2021-05-15 05:35:00
450,6,2021-07-18 20:51:00,2021-07-19 20:15:00,2021-07-22 12:14:00,2021-07-25 23:43:00,-52,,HSS,,,2021-07-19 07:15:00,2021-07-25 12:14:00
451,7,2021-08-27 01:13:00,2021-08-27 13:13:00,2021-08-28 00:25:00,2021-08-29 20:42:00,-90,ICME,,,,2021-08-27 01:13:00,2021-08-29 20:42:00
452,8,2021-09-17 14:31:00,2021-09-17 18:57:00,2021-09-17 21:22:00,2021-09-20 12:32:00,-73,,HSS,,,2021-09-17 14:31:00,2021-09-20 12:32:00
453,9,2021-10-09 14:42:00,2021-10-10 12:08:00,2021-10-12 14:39:00,2021-10-14 17:36:00,-72,ICME,HSS,complex,,2021-10-09 23:08:00,2021-10-14 17:36:00
454,10,2021-10-16 23:15:00,2021-10-17 07:38:00,2021-10-18 01:04:00,2021-10-18 18:57:00,-71,,HSS,,,2021-10-16 23:15:00,2021-10-18 18:57:00
455,11,2021-11-03 18:42:00,2021-11-03 21:36:00,2021-11-04 12:45:00,2021-11-05 06:02:00,-118,ICME,,,,2021-11-03 18:42:00,2021-11-05 06:02:00
456,12,2021-11-30 11:19:00,2021-11-30 21:25:00,2021-12-01 14:39:00,2021-12-04 20:56:00,-60,,HSS,,,2021-11-30 11:19:00,2021-12-04 14:39:00
457,13,2021-12-19 04:08:00,2021-12-19 17:43:00,2021-12-19 19:58:00,2021-12-24 09:06:00,-60,,HSS,,,2021-12-19 04:43:00,2021-12-22 19:58:00
458,0,2022-01-14 04:59:00,2022-01-14 16:13:00,2022-01-14 22:17:00,2022-01-18 23:52:00,-101,ICME,HSS,complex,,2022-01-14 04:59:00,2022-01-17 22:17:00
459,1,2022-02-02 18:29:00,2022-02-03 04:18:00,2022-02-03 10:55:00,2022-02-03 23:44:00,-80,ICME,HSS,complex,,2022-02-02 18:29:00,2022-02-03 23:44:00
460,2,2022-02-10 09:18:00,2022-02-10 14:47:00,2022-02-10 18:46:00,2022-02-11 10:33:00,-68,,HSS,,,2022-02-10 09:18:00,2022-02-11 10:33:00
461,3,2022-03-04 10:24:00,2022-03-05 10:16:00,2022-03-05 19:41:00,2022-03-11 00:23:00,-60,ICME,HSS,complex,,2022-03-04 21:16:00,2022-03-08 19:41:00
462,4,2022-03-13 06:44:00,2022-03-13 13:34:00,2022-03-13 23:37:00,2022-03-16 10:32:00,-114,ICME,,,,2022-03-13 06:44:00,2022-03-16 10:32:00
463,5,2022-03-30 19:30:00,2022-03-31 05:20:00,2022-04-02 07:07:00,2022-04-05 07:19:00,-59,ICME,HSS,complex,,2022-03-30 19:30:00,2022-04-05 07:07:00
464,6,2022-04-13 20:23:00,2022-04-14 02:22:00,2022-04-14 22:44:00,2022-04-15 04:30:00,-86,,HSS,,,2022-04-13 20:23:00,2022-04-15 04:30:00
465,7,2022-05-27 01:58:00,2022-05-27 11:14:00,2022-05-28 07:18:00,2022-06-04 04:49:00,-59,,HSS,,,2022-05-27 01:58:00,2022-05-31 07:18:00
466,8,2022-06-23 11:20:00,2022-06-24 10:44:00,2022-06-26 01:02:00,2022-06-28 03:48:00,-55,,HSS,,,2022-06-23 21:44:00,2022-06-28 03:48:00
467,9,2022-07-01 09:54:00,2022-07-02 00:56:00,2022-07-02 07:08:00,2022-07-03 01:13:00,-67,ICME,,,,2022-07-01 11:56:00,2022-07-03 01:13:00
468,10,2022-07-07 04:53:00,2022-07-07 12:58:00,2022-07-08 02:23:00,2022-07-10 12:50:00,-85,ICME,HSS,complex,,2022-07-07 04:53:00,2022-07-10 12:50:00
469,11,2022-07-18 17:48:00,2022-07-19 06:02:00,2022-07-19 12:20:00,2022-07-21 00:33:00,-65,,HSS,,,2022-07-18 17:48:00,2022-07-21 00:33:00
470,12,2022-08-06 08:25:00,2022-08-07 06:38:00,2022-08-08 07:42:00,2022-08-16 03:58:00,-69,,HSS,,,2022-08-06 17:38:00,2022-08-11 07:42:00
471,13,2022-08-17 00:03:00,2022-08-17 16:15:00,2022-08-17 21:42:00,2022-08-19 17:33:00,-64,ICME,HSS,complex,,2022-08-17 03:15:00,2022-08-19 17:33:00
472,14,2022-09-02 09:42:00,2022-09-03 06:45:00,2022-09-04 10:36:00,2022-09-11 10:33:00,-71,ICME,HSS,complex,,2022-09-02 17:45:00,2022-09-07 10:36:00
473,15,2022-10-13 18:48:00,2022-10-14 03:44:00,2022-10-14 10:45:00,2022-10-15 08:10:00,-78,,HSS,,,2022-10-13 18:48:00,2022-10-15 08:10:00
474,16,2022-10-21 11:51:00,2022-10-22 08:28:00,2022-10-22 18:30:00,2022-10-24 20:34:00,-89,,HSS,,,2022-10-21 19:28:00,2022-10-24 20:34:00
475,17,2022-11-06 09:23:00,2022-11-07 10:36:00,2022-11-07 17:22:00,2022-11-11 04:26:00,-117,ICME,,,,2022-11-06 21:36:00,2022-11-10 17:22:00
476,18,2022-11-30 04:54:00,2022-11-30 16:25:00,2022-11-30 19:21:00,2022-12-04 01:01:00,-80,,HSS,,,2022-11-30 04:54:00,2022-12-03 19:21:00
477,19,2022-12-06 20:16:00,2022-12-07 01:41:00,2022-12-07 17:39:00,2022-12-10 00:45:00,-68,,HSS,,,2022-12-06 20:16:00,2022-12-10 00:45:00
478,20,2022-12-26 01:29:00,2022-12-26 10:08:00,2022-12-27 08:02:00,2022-12-29 10:50:00,-73,,HSS,,,2022-12-26 01:29:00,2022-12-29 10:50:00
